source_id,Chinese_citation_label,Japanese_or_English_title,author,year,source_type,language,topic_category,Japan_relevance,Tokyo_relevance,China_or_Chinese_resident_relevance,method_relevance,application_section_target,how_to_use_in_application,risk_if_used,verification_status,recommended_use,notes
MJL_A01,王・藤井(2021):首都圈公共住宅团地高学历中国籍居民的居住实态与社区参与,公的住宅団地における高学歴技術職の中国籍住民の居住実態と地域との関わりに関する研究：首都圏2団地の住民インタビュー調査から,Wang & Fujii (王・藤井),2021,journal_article,Japanese,A_zainichi_chinese_community,high,high,high,low,section_1_value_and_literature,Evidence that highly-educated Chinese-nationality residents settle in Greater Tokyo public-housing estates; supports housing/community module for Chinese residents specifically,medium,partially_verified,supporting_citation,"DOI 10.24528/lifology.40.0_54 (=R02_JSTAGE_002); CiNii+NDL verified; qualitative two-estate case, full text not read; repo id R02_CINII_001"
MJL_A02,张(2020):东京大都市圈中国白领阶层的住房购买动机与偏好,東京大都市圏における中国人ホワイトカラー層の住宅の購入動機と選好パターン,Zhang (张),2020,journal_article,Japanese,A_zainichi_chinese_community,high,high,high,low,section_1_value_and_literature,Chinese-specific residential preference / housing-choice evidence in metropolitan Tokyo; supports housing-choice and long-term-settlement framing,low,verified,core_citation,DOI 10.4157/grj.93.1; Geographical Review of Japan Ser. A 93(1):1-16; interviews n=22 owner-occupiers; repo id R02_CINII_022
MJL_A03,高松(2020):西川口华埠的形成要因——东京圈中国人集住地区,西川口チャイナタウンの形成要因に関する研究：東京圏における中国人集住地域に着目して,Takamatsu (高松),2020,journal_article,Japanese,A_zainichi_chinese_community,high,medium,high,low,section_1_value_and_literature,"Case evidence of a new Chinese residential-concentration area (Nishikawaguchi, Saitama) in the wider Tokyo region; supports networked-settlement vs classic-Chinatown narrative",medium,partially_verified,supporting_citation,No DOI; CiNii+NDL bib 032870555; award paper; study area Kawaguchi (Saitama) within Greater Tokyo; full text not read; repo id R02_CINII_018
MJL_A04,阿部(2000):昭和初期东京及周边地区中国人劳动者的排斥与集住地区衰退,昭和初期の東京とその周辺地域における中国人労働者の排除と集住地区の衰退,Abe (阿部),2000,journal_article,Japanese,A_zainichi_chinese_community,high,high,high,none,general_background,Historical depth: long-run presence and earlier concentration/exclusion of Chinese in Tokyo; background only,low,verified,background_context,DOI 10.4157/grj1984a.73.9_694; historical (1920s-30s); not contemporary; repo id R02_CINII_019
MJL_A05,阿部(1999):1920年代东京府中国人劳动者的就业结构与居住分化,1920年代の東京府における中国人労働者の就業構造と居住分化,Abe (阿部),1999,journal_article,Japanese,A_zainichi_chinese_community,high,high,high,none,general_background,Historical antecedent of occupational structure and residential differentiation among Chinese in Tokyo Prefecture; background only,low,verified,background_context,DOI 10.4200/jjhg1948.51.23; Japanese Journal of Human Geography 51(1):23-48; repo id R02_JSTAGE_007
MJL_A06,王(2026):大阪市中央区心斋桥地区中国系新移民的分散居住与族裔社区(比较案例),大阪市中央区「心斎橋地区」の中国系ニューカマーにみる分散居住とエスニック・コミュニティ,Wang (王),2026,journal_article,Japanese,A_zainichi_chinese_community,high,low,high,low,general_background,"Non-Tokyo (Osaka) comparator on dispersed residence and ethnic community of Chinese newcomers; use only as a comparative reference, not Tokyo evidence",medium,verified,background_context,DOI 10.4200/jjhg.78.01_023; study area is Osaka NOT Tokyo; repo id R02_JSTAGE_011
MJL_A07,山下清海:横滨中华街与日本各地中华街研究(待核实具体文献),山下清海 on Yokohama Chinatown and Japanese Chinatowns (specific title/year to verify),Yamashita Kiyomi (山下清海),unknown,unknown,Japanese,A_zainichi_chinese_community,high,medium,high,low,section_1_value_and_literature,Foundational Japanese geography of Chinatowns and Chinese settlement; would anchor the classic-Chinatown end of the typology IF verified,high,needs_verification,needs_verification,Named in application task list; NOT yet documented or bibliographically verified in this repo; obtain exact title/year/DOI or NDL/CiNii record before any citation; do not fabricate
MJL_A08,山下清海:池袋与新华侨新移民空间研究(待核实),山下清海 on Ikebukuro / new Chinese-immigrant (shinkakyo) spaces (specific title/year to verify),Yamashita Kiyomi (山下清海),unknown,unknown,Japanese,A_zainichi_chinese_community,high,high,high,low,section_1_value_and_literature,Would support the shift from classic Chinatown to dispersed new-immigrant (shinkakyo) spaces such as Ikebukuro IF verified,high,needs_verification,needs_verification,Named in task list; not in repo; verify exact reference before citing; do not fabricate
MJL_A09,张慧婧:东京池袋新华侨空间研究(待核实),Zhang Huijing on Tokyo Ikebukuro / new overseas-Chinese spaces (to verify),Zhang Huijing (张慧婧),unknown,unknown,unknown,A_zainichi_chinese_community,high,high,high,low,section_1_value_and_literature,Would directly support Tokyo Ikebukuro new-Chinese-space framing IF verified and documented,high,needs_verification,needs_verification,Named in task list ('if already documented'); not found in repo matrices; verify before citing
MJL_A10,陈天玺:无国籍与在日华人身份/国籍研究(待核实),Chen Tianxi on Japanese-Chinese identity / nationality / statelessness (to verify),Chen Tianxi (陈天玺),unknown,unknown,unknown,A_zainichi_chinese_community,high,medium,high,none,general_background,Identity/nationality framing for the Chinese-origin population; conceptual background IF verified,high,needs_verification,needs_verification,Named in task list; not in repo; verify exact reference before citing
MJL_A11,聂德宁;任娜与陈衍德;朱安新 等:中文学界在日中国新移民研究(待核实),"Chinese-language scholarship on new Chinese migration to Japan (Nie Dening; Ren Na & Chen Yande; Zhu Anxin, etc.) (to verify)",Nie Dening; Ren Na & Chen Yande; Zhu Anxin (聂德宁;任娜与陈衍德;朱安新),unknown,unknown,Chinese,A_zainichi_chinese_community,medium,unknown,high,none,section_1_value_and_literature,Chinese-domestic scholarship on new Chinese migration to Japan; would strengthen the domestic-research-status (国内研究现状) side IF verified,high,needs_verification,needs_verification,Named in task list; not documented in repo; obtain exact citations before use; do not fabricate
MJL_B01,"Sun(2026,Cities):东京都市圈移民居住的同族网络与空间同化(边界性文献)","Sun (2026), Cities: co-ethnic networks and spatial assimilation of immigrants in metropolitan Tokyo (242 municipalities, 2012-2018, dynamic spatial Durbin)",Sun,2026,journal_article,English,B_foreign_resident_distribution,high,high,high,high,section_1_value_and_literature,"THE boundary paper: cite to position this project as an extension toward opportunity-risk environment and Chinese-vs-non-Chinese comparison, NOT a replication; controls novelty language",high,needs_verification,core_citation,Central to positioning; full bibliographic details/DOI to confirm before formal citation; do NOT claim novelty over co-ethnic networks/spatial assimilation in Tokyo
MJL_B02,Lim 等(2024):东京丰岛区外国居民居住满意度与定居,"Factors enhancing residential satisfaction of foreign residents toward settlement: a case study of Toshima City, Tokyo",Lim et al.,2024,journal_article,English,B_foreign_resident_distribution,high,high,medium,medium,section_1_value_and_literature,Links the settlement environment to residential satisfaction for foreign residents in a Tokyo ward; supports settlement-environment framing,low,verified,supporting_citation,DOI 10.1007/s10901-024-10160-3; single-ward case; not Chinese-specific; repo id R01_RB_007
MJL_B03,金(2026):移民居住何处——日本住宅市场居住格差的实证分析(专著),"「移民」の住む場所：日本の住宅市場における居住格差の実証分析 (Where Migrants Live, Keio University Press)",Kim (金),2026,book,Japanese,B_foreign_resident_distribution,high,medium,medium,medium,section_1_value_and_literature,Recent empirical book on immigrant residential disparity in Japan's housing market; anchors the residential-differentiation literature,medium,partially_verified,supporting_citation,NDL R100000002-I034507615; Keio University Press 2026; no DOI; Japan-wide not Chinese/Tokyo-specific; full text not read; repo id R02_NDL_043
MJL_C01,Sugasawa & Harano(2023):东京23区租赁住宅市场对外国人歧视的实地实验,A field experiment on discrimination against foreigners in the rental housing market in Japan examining the 23 wards,Sugasawa & Harano,2023,journal_article,English,C_urban_opportunity_structure,high,high,medium,high,section_1_value_and_literature,Experimental evidence of rental-housing discrimination against foreigners in Tokyo's 23 wards; anchors the housing-constraint mechanism,low,verified,core_citation,"DOI 10.1016/j.jjie.2023.101273; foreigner-vs-native, not Chinese-isolated; repo id R01_RB_005"
MJL_C02,Suzuki 等(2022):东京民营租赁市场对非典型租客的歧视,Discrimination against the atypical type of tenants in the Tokyo private rental housing market,Suzuki et al.,2022,journal_article,English,C_urban_opportunity_structure,high,high,medium,high,section_1_value_and_literature,Complements the housing-discrimination evidence base for the Tokyo private rental market,medium,verified,supporting_citation,DOI 10.1016/j.jhe.2022.101879; degree of foreign-tenant focus to confirm in full text; repo id R01_RB_006
MJL_C03,Sugasawa & Harano(2026):东京租赁市场交易阶段与管理阶段歧视的区分,Disentangling transaction-stage and management-stage discrimination in the rental housing market: evidence from a correspondence experiment in Tokyo,Sugasawa & Harano,2026,journal_article,English,C_urban_opportunity_structure,high,high,medium,high,section_1_value_and_literature,Most recent housing-discrimination comparator; deepens the housing-constraint mechanism with a transaction/management distinction,medium,verified,supporting_citation,DOI 10.1016/j.jhe.2026.102134; target group (incl. Chinese applicants?) to confirm in full text; repo id R01_RB_013
MJL_D01,Mori(1997):面向外国居民的行政服务(书章),Administrative Services for Foreign Residents (chapter in Immigration Policy and Foreign Workers in Japan),Mori,1997,book_chapter,English,D_multicultural_support_infrastructure,high,low,low,none,general_background,Historical lineage of administrative services / support policy for foreign residents in Japan; background only,low,verified,background_context,"DOI 10.1057/9780230374522_8; dated (1997), Japan-wide; repo id R01_RB_011"
MJL_D02,中藤(2014):冈山县总社市巴西居民的语言生活与日语学习支援(比较),岡山県総社市に暮らすブラジル人住民の言語生活：外国人住民の日本語学習支援を考える,Nakato (中藤),2014,journal_article,Japanese,D_multicultural_support_infrastructure,high,low,none,low,general_background,"Non-Tokyo, non-Chinese comparator on language-support services; background for the service-access module only",medium,verified,background_context,"DOI 10.19024/jajls.17.1_36; Soja City Okayama, Brazilian residents; repo id R02_NDL_068"
MJL_D03,斋藤编(2006):外国人儿童生徒教育论坛报告书,"外国人児童生徒教育フォーラム：報告書 (Tokyo Gakugei University, Center for International Education)",Saito (ed.) (斋藤编),2006,government_report,Japanese,D_multicultural_support_infrastructure,medium,low,low,none,general_background,Background on education-service access for foreign children; non-empirical forum report,medium,partially_verified,background_context,NDL R100000001-I2711B12473132; no DOI; non-empirical; repo id R02_NDL_087
MJL_D04,斋藤编(2006):思考外国人儿童生徒的学前教育,"外国人児童生徒の就学前教育を考える (Tokyo Gakugei University, Center for International Education)",Saito (ed.) (斋藤编),2006,government_report,Japanese,D_multicultural_support_infrastructure,medium,low,low,none,general_background,Background on pre-school/childcare-service access for foreign children; non-empirical report,medium,partially_verified,background_context,NDL R100000002-I000008318866; no DOI; non-empirical; repo id R02_NDL_088
MJL_E01,Adu-Gyamfi & Shaw(2021):利用人口分布格局评估东京地区外国居民的灾害脆弱性,Utilizing Population Distribution Patterns for Disaster Vulnerability Assessment: Case of Foreign Residents in the Tokyo area,Adu-Gyamfi & Shaw,2021,journal_article,English,E_spatial_risk_disaster,high,high,medium,high,section_1_value_and_literature,Closest spatial disaster-vulnerability comparator for foreign residents in Tokyo; supports the spatial-risk-identification rationale and method,low,verified,core_citation,DOI 10.3390/ijerph18084061; foreign residents (not Chinese-specific); does not integrate housing/services/typology; repo id R01_RB_004
