municipality_code,municipality_name,prefecture,area_km2_available,area_km2,source_layer,crs_used,geometry_valid,notes
11101,さいたま市西区,11,YES,29.1152,data_raw/N03-20250101_GML/N03-20250101.shp,geodesic WGS84 (Geod ellps=WGS84) after to_crs(4326),YES,dissolved by N03_007; ward-level codes for designated cities
11102,さいたま市北区,11,YES,16.8571,data_raw/N03-20250101_GML/N03-20250101.shp,geodesic WGS84 (Geod ellps=WGS84) after to_crs(4326),YES,dissolved by N03_007; ward-level codes for designated cities
11103,さいたま市大宮区,11,YES,12.8027,data_raw/N03-20250101_GML/N03-20250101.shp,geodesic WGS84 (Geod ellps=WGS84) after to_crs(4326),YES,dissolved by N03_007; ward-level codes for designated cities
11104,さいたま市見沼区,11,YES,30.6852,data_raw/N03-20250101_GML/N03-20250101.shp,geodesic WGS84 (Geod ellps=WGS84) after to_crs(4326),YES,dissolved by N03_007; ward-level codes for designated cities
11105,さいたま市中央区,11,YES,8.3892,data_raw/N03-20250101_GML/N03-20250101.shp,geodesic WGS84 (Geod ellps=WGS84) after to_crs(4326),YES,dissolved by N03_007; ward-level codes for designated cities
11106,さいたま市桜区,11,YES,18.6375,data_raw/N03-20250101_GML/N03-20250101.shp,geodesic WGS84 (Geod ellps=WGS84) after to_crs(4326),YES,dissolved by N03_007; ward-level codes for designated cities
11107,さいたま市浦和区,11,YES,11.5111,data_raw/N03-20250101_GML/N03-20250101.shp,geodesic WGS84 (Geod ellps=WGS84) after to_crs(4326),YES,dissolved by N03_007; ward-level codes for designated cities
11108,さいたま市南区,11,YES,13.8239,data_raw/N03-20250101_GML/N03-20250101.shp,geodesic WGS84 (Geod ellps=WGS84) after to_crs(4326),YES,dissolved by N03_007; ward-level codes for designated cities
11109,さいたま市緑区,11,YES,26.4363,data_raw/N03-20250101_GML/N03-20250101.shp,geodesic WGS84 (Geod ellps=WGS84) after to_crs(4326),YES,dissolved by N03_007; ward-level codes for designated cities
11110,さいたま市岩槻区,11,YES,49.1744,data_raw/N03-20250101_GML/N03-20250101.shp,geodesic WGS84 (Geod ellps=WGS84) after to_crs(4326),YES,dissolved by N03_007; ward-level codes for designated cities
11201,川越市,11,YES,109.1341,data_raw/N03-20250101_GML/N03-20250101.shp,geodesic WGS84 (Geod ellps=WGS84) after to_crs(4326),YES,dissolved by N03_007; ward-level codes for designated cities
11202,熊谷市,11,YES,159.8182,data_raw/N03-20250101_GML/N03-20250101.shp,geodesic WGS84 (Geod ellps=WGS84) after to_crs(4326),YES,dissolved by N03_007; ward-level codes for designated cities
11203,川口市,11,YES,61.9463,data_raw/N03-20250101_GML/N03-20250101.shp,geodesic WGS84 (Geod ellps=WGS84) after to_crs(4326),YES,dissolved by N03_007; ward-level codes for designated cities
11206,行田市,11,YES,67.4938,data_raw/N03-20250101_GML/N03-20250101.shp,geodesic WGS84 (Geod ellps=WGS84) after to_crs(4326),YES,dissolved by N03_007; ward-level codes for designated cities
11207,秩父市,11,YES,577.8908,data_raw/N03-20250101_GML/N03-20250101.shp,geodesic WGS84 (Geod ellps=WGS84) after to_crs(4326),YES,dissolved by N03_007; ward-level codes for designated cities
11208,所沢市,11,YES,72.1101,data_raw/N03-20250101_GML/N03-20250101.shp,geodesic WGS84 (Geod ellps=WGS84) after to_crs(4326),YES,dissolved by N03_007; ward-level codes for designated cities
11209,飯能市,11,YES,193.0473,data_raw/N03-20250101_GML/N03-20250101.shp,geodesic WGS84 (Geod ellps=WGS84) after to_crs(4326),YES,dissolved by N03_007; ward-level codes for designated cities
11210,加須市,11,YES,133.2951,data_raw/N03-20250101_GML/N03-20250101.shp,geodesic WGS84 (Geod ellps=WGS84) after to_crs(4326),YES,dissolved by N03_007; ward-level codes for designated cities
11211,本庄市,11,YES,89.6903,data_raw/N03-20250101_GML/N03-20250101.shp,geodesic WGS84 (Geod ellps=WGS84) after to_crs(4326),YES,dissolved by N03_007; ward-level codes for designated cities
11212,東松山市,11,YES,65.3473,data_raw/N03-20250101_GML/N03-20250101.shp,geodesic WGS84 (Geod ellps=WGS84) after to_crs(4326),YES,dissolved by N03_007; ward-level codes for designated cities
11214,春日部市,11,YES,65.9954,data_raw/N03-20250101_GML/N03-20250101.shp,geodesic WGS84 (Geod ellps=WGS84) after to_crs(4326),YES,dissolved by N03_007; ward-level codes for designated cities
11215,狭山市,11,YES,48.993,data_raw/N03-20250101_GML/N03-20250101.shp,geodesic WGS84 (Geod ellps=WGS84) after to_crs(4326),YES,dissolved by N03_007; ward-level codes for designated cities
11216,羽生市,11,YES,58.6431,data_raw/N03-20250101_GML/N03-20250101.shp,geodesic WGS84 (Geod ellps=WGS84) after to_crs(4326),YES,dissolved by N03_007; ward-level codes for designated cities
11217,鴻巣市,11,YES,67.4369,data_raw/N03-20250101_GML/N03-20250101.shp,geodesic WGS84 (Geod ellps=WGS84) after to_crs(4326),YES,dissolved by N03_007; ward-level codes for designated cities
11218,深谷市,11,YES,138.3676,data_raw/N03-20250101_GML/N03-20250101.shp,geodesic WGS84 (Geod ellps=WGS84) after to_crs(4326),YES,dissolved by N03_007; ward-level codes for designated cities
11219,上尾市,11,YES,45.5109,data_raw/N03-20250101_GML/N03-20250101.shp,geodesic WGS84 (Geod ellps=WGS84) after to_crs(4326),YES,dissolved by N03_007; ward-level codes for designated cities
11221,草加市,11,YES,27.4592,data_raw/N03-20250101_GML/N03-20250101.shp,geodesic WGS84 (Geod ellps=WGS84) after to_crs(4326),YES,dissolved by N03_007; ward-level codes for designated cities
11222,越谷市,11,YES,60.2443,data_raw/N03-20250101_GML/N03-20250101.shp,geodesic WGS84 (Geod ellps=WGS84) after to_crs(4326),YES,dissolved by N03_007; ward-level codes for designated cities
11223,蕨市,11,YES,5.1054,data_raw/N03-20250101_GML/N03-20250101.shp,geodesic WGS84 (Geod ellps=WGS84) after to_crs(4326),YES,dissolved by N03_007; ward-level codes for designated cities
11224,戸田市,11,YES,18.1852,data_raw/N03-20250101_GML/N03-20250101.shp,geodesic WGS84 (Geod ellps=WGS84) after to_crs(4326),YES,dissolved by N03_007; ward-level codes for designated cities
11225,入間市,11,YES,44.6944,data_raw/N03-20250101_GML/N03-20250101.shp,geodesic WGS84 (Geod ellps=WGS84) after to_crs(4326),YES,dissolved by N03_007; ward-level codes for designated cities
11227,朝霞市,11,YES,18.3356,data_raw/N03-20250101_GML/N03-20250101.shp,geodesic WGS84 (Geod ellps=WGS84) after to_crs(4326),YES,dissolved by N03_007; ward-level codes for designated cities
11228,志木市,11,YES,9.0497,data_raw/N03-20250101_GML/N03-20250101.shp,geodesic WGS84 (Geod ellps=WGS84) after to_crs(4326),YES,dissolved by N03_007; ward-level codes for designated cities
11229,和光市,11,YES,11.0377,data_raw/N03-20250101_GML/N03-20250101.shp,geodesic WGS84 (Geod ellps=WGS84) after to_crs(4326),YES,dissolved by N03_007; ward-level codes for designated cities
11230,新座市,11,YES,22.7798,data_raw/N03-20250101_GML/N03-20250101.shp,geodesic WGS84 (Geod ellps=WGS84) after to_crs(4326),YES,dissolved by N03_007; ward-level codes for designated cities
11231,桶川市,11,YES,25.3463,data_raw/N03-20250101_GML/N03-20250101.shp,geodesic WGS84 (Geod ellps=WGS84) after to_crs(4326),YES,dissolved by N03_007; ward-level codes for designated cities
11232,久喜市,11,YES,82.409,data_raw/N03-20250101_GML/N03-20250101.shp,geodesic WGS84 (Geod ellps=WGS84) after to_crs(4326),YES,dissolved by N03_007; ward-level codes for designated cities
11233,北本市,11,YES,19.8154,data_raw/N03-20250101_GML/N03-20250101.shp,geodesic WGS84 (Geod ellps=WGS84) after to_crs(4326),YES,dissolved by N03_007; ward-level codes for designated cities
11234,八潮市,11,YES,18.0166,data_raw/N03-20250101_GML/N03-20250101.shp,geodesic WGS84 (Geod ellps=WGS84) after to_crs(4326),YES,dissolved by N03_007; ward-level codes for designated cities
11235,富士見市,11,YES,19.765,data_raw/N03-20250101_GML/N03-20250101.shp,geodesic WGS84 (Geod ellps=WGS84) after to_crs(4326),YES,dissolved by N03_007; ward-level codes for designated cities
11237,三郷市,11,YES,30.0481,data_raw/N03-20250101_GML/N03-20250101.shp,geodesic WGS84 (Geod ellps=WGS84) after to_crs(4326),YES,dissolved by N03_007; ward-level codes for designated cities
11238,蓮田市,11,YES,27.281,data_raw/N03-20250101_GML/N03-20250101.shp,geodesic WGS84 (Geod ellps=WGS84) after to_crs(4326),YES,dissolved by N03_007; ward-level codes for designated cities
11239,坂戸市,11,YES,41.0238,data_raw/N03-20250101_GML/N03-20250101.shp,geodesic WGS84 (Geod ellps=WGS84) after to_crs(4326),YES,dissolved by N03_007; ward-level codes for designated cities
11240,幸手市,11,YES,33.9267,data_raw/N03-20250101_GML/N03-20250101.shp,geodesic WGS84 (Geod ellps=WGS84) after to_crs(4326),YES,dissolved by N03_007; ward-level codes for designated cities
11241,鶴ヶ島市,11,YES,17.6516,data_raw/N03-20250101_GML/N03-20250101.shp,geodesic WGS84 (Geod ellps=WGS84) after to_crs(4326),YES,dissolved by N03_007; ward-level codes for designated cities
11242,日高市,11,YES,47.4775,data_raw/N03-20250101_GML/N03-20250101.shp,geodesic WGS84 (Geod ellps=WGS84) after to_crs(4326),YES,dissolved by N03_007; ward-level codes for designated cities
11243,吉川市,11,YES,31.663,data_raw/N03-20250101_GML/N03-20250101.shp,geodesic WGS84 (Geod ellps=WGS84) after to_crs(4326),YES,dissolved by N03_007; ward-level codes for designated cities
11245,ふじみ野市,11,YES,14.6391,data_raw/N03-20250101_GML/N03-20250101.shp,geodesic WGS84 (Geod ellps=WGS84) after to_crs(4326),YES,dissolved by N03_007; ward-level codes for designated cities
11246,白岡市,11,YES,24.9233,data_raw/N03-20250101_GML/N03-20250101.shp,geodesic WGS84 (Geod ellps=WGS84) after to_crs(4326),YES,dissolved by N03_007; ward-level codes for designated cities
11301,伊奈町,11,YES,14.7901,data_raw/N03-20250101_GML/N03-20250101.shp,geodesic WGS84 (Geod ellps=WGS84) after to_crs(4326),YES,dissolved by N03_007; ward-level codes for designated cities
11324,三芳町,11,YES,15.3283,data_raw/N03-20250101_GML/N03-20250101.shp,geodesic WGS84 (Geod ellps=WGS84) after to_crs(4326),YES,dissolved by N03_007; ward-level codes for designated cities
11326,毛呂山町,11,YES,34.0715,data_raw/N03-20250101_GML/N03-20250101.shp,geodesic WGS84 (Geod ellps=WGS84) after to_crs(4326),YES,dissolved by N03_007; ward-level codes for designated cities
11327,越生町,11,YES,40.3914,data_raw/N03-20250101_GML/N03-20250101.shp,geodesic WGS84 (Geod ellps=WGS84) after to_crs(4326),YES,dissolved by N03_007; ward-level codes for designated cities
11341,滑川町,11,YES,29.6806,data_raw/N03-20250101_GML/N03-20250101.shp,geodesic WGS84 (Geod ellps=WGS84) after to_crs(4326),YES,dissolved by N03_007; ward-level codes for designated cities
11342,嵐山町,11,YES,29.9154,data_raw/N03-20250101_GML/N03-20250101.shp,geodesic WGS84 (Geod ellps=WGS84) after to_crs(4326),YES,dissolved by N03_007; ward-level codes for designated cities
11343,小川町,11,YES,60.3593,data_raw/N03-20250101_GML/N03-20250101.shp,geodesic WGS84 (Geod ellps=WGS84) after to_crs(4326),YES,dissolved by N03_007; ward-level codes for designated cities
11346,川島町,11,YES,41.6274,data_raw/N03-20250101_GML/N03-20250101.shp,geodesic WGS84 (Geod ellps=WGS84) after to_crs(4326),YES,dissolved by N03_007; ward-level codes for designated cities
11347,吉見町,11,YES,38.6445,data_raw/N03-20250101_GML/N03-20250101.shp,geodesic WGS84 (Geod ellps=WGS84) after to_crs(4326),YES,dissolved by N03_007; ward-level codes for designated cities
11348,鳩山町,11,YES,25.7318,data_raw/N03-20250101_GML/N03-20250101.shp,geodesic WGS84 (Geod ellps=WGS84) after to_crs(4326),YES,dissolved by N03_007; ward-level codes for designated cities
11349,ときがわ町,11,YES,55.9026,data_raw/N03-20250101_GML/N03-20250101.shp,geodesic WGS84 (Geod ellps=WGS84) after to_crs(4326),YES,dissolved by N03_007; ward-level codes for designated cities
11361,横瀬町,11,YES,49.2987,data_raw/N03-20250101_GML/N03-20250101.shp,geodesic WGS84 (Geod ellps=WGS84) after to_crs(4326),YES,dissolved by N03_007; ward-level codes for designated cities
11362,皆野町,11,YES,63.7392,data_raw/N03-20250101_GML/N03-20250101.shp,geodesic WGS84 (Geod ellps=WGS84) after to_crs(4326),YES,dissolved by N03_007; ward-level codes for designated cities
11363,長瀞町,11,YES,30.4299,data_raw/N03-20250101_GML/N03-20250101.shp,geodesic WGS84 (Geod ellps=WGS84) after to_crs(4326),YES,dissolved by N03_007; ward-level codes for designated cities
11365,小鹿野町,11,YES,171.2551,data_raw/N03-20250101_GML/N03-20250101.shp,geodesic WGS84 (Geod ellps=WGS84) after to_crs(4326),YES,dissolved by N03_007; ward-level codes for designated cities
11369,東秩父村,11,YES,37.0575,data_raw/N03-20250101_GML/N03-20250101.shp,geodesic WGS84 (Geod ellps=WGS84) after to_crs(4326),YES,dissolved by N03_007; ward-level codes for designated cities
11381,美里町,11,YES,33.4067,data_raw/N03-20250101_GML/N03-20250101.shp,geodesic WGS84 (Geod ellps=WGS84) after to_crs(4326),YES,dissolved by N03_007; ward-level codes for designated cities
11383,神川町,11,YES,47.3983,data_raw/N03-20250101_GML/N03-20250101.shp,geodesic WGS84 (Geod ellps=WGS84) after to_crs(4326),YES,dissolved by N03_007; ward-level codes for designated cities
11385,上里町,11,YES,29.1815,data_raw/N03-20250101_GML/N03-20250101.shp,geodesic WGS84 (Geod ellps=WGS84) after to_crs(4326),YES,dissolved by N03_007; ward-level codes for designated cities
11408,寄居町,11,YES,64.2521,data_raw/N03-20250101_GML/N03-20250101.shp,geodesic WGS84 (Geod ellps=WGS84) after to_crs(4326),YES,dissolved by N03_007; ward-level codes for designated cities
11442,宮代町,11,YES,15.9493,data_raw/N03-20250101_GML/N03-20250101.shp,geodesic WGS84 (Geod ellps=WGS84) after to_crs(4326),YES,dissolved by N03_007; ward-level codes for designated cities
11464,杉戸町,11,YES,30.0282,data_raw/N03-20250101_GML/N03-20250101.shp,geodesic WGS84 (Geod ellps=WGS84) after to_crs(4326),YES,dissolved by N03_007; ward-level codes for designated cities
11465,松伏町,11,YES,16.1978,data_raw/N03-20250101_GML/N03-20250101.shp,geodesic WGS84 (Geod ellps=WGS84) after to_crs(4326),YES,dissolved by N03_007; ward-level codes for designated cities
12101,千葉市中央区,12,YES,44.7148,data_raw/N03-20250101_GML/N03-20250101.shp,geodesic WGS84 (Geod ellps=WGS84) after to_crs(4326),YES,dissolved by N03_007; ward-level codes for designated cities
12102,千葉市花見川区,12,YES,34.191,data_raw/N03-20250101_GML/N03-20250101.shp,geodesic WGS84 (Geod ellps=WGS84) after to_crs(4326),YES,dissolved by N03_007; ward-level codes for designated cities
12103,千葉市稲毛区,12,YES,21.2216,data_raw/N03-20250101_GML/N03-20250101.shp,geodesic WGS84 (Geod ellps=WGS84) after to_crs(4326),YES,dissolved by N03_007; ward-level codes for designated cities
12104,千葉市若葉区,12,YES,84.1895,data_raw/N03-20250101_GML/N03-20250101.shp,geodesic WGS84 (Geod ellps=WGS84) after to_crs(4326),YES,dissolved by N03_007; ward-level codes for designated cities
12105,千葉市緑区,12,YES,66.2519,data_raw/N03-20250101_GML/N03-20250101.shp,geodesic WGS84 (Geod ellps=WGS84) after to_crs(4326),YES,dissolved by N03_007; ward-level codes for designated cities
12106,千葉市美浜区,12,YES,21.1961,data_raw/N03-20250101_GML/N03-20250101.shp,geodesic WGS84 (Geod ellps=WGS84) after to_crs(4326),YES,dissolved by N03_007; ward-level codes for designated cities
12202,銚子市,12,YES,84.1176,data_raw/N03-20250101_GML/N03-20250101.shp,geodesic WGS84 (Geod ellps=WGS84) after to_crs(4326),YES,dissolved by N03_007; ward-level codes for designated cities
12203,市川市,12,YES,56.9239,data_raw/N03-20250101_GML/N03-20250101.shp,geodesic WGS84 (Geod ellps=WGS84) after to_crs(4326),YES,dissolved by N03_007; ward-level codes for designated cities
12204,船橋市,12,YES,85.6195,data_raw/N03-20250101_GML/N03-20250101.shp,geodesic WGS84 (Geod ellps=WGS84) after to_crs(4326),YES,dissolved by N03_007; ward-level codes for designated cities
12205,館山市,12,YES,110.0469,data_raw/N03-20250101_GML/N03-20250101.shp,geodesic WGS84 (Geod ellps=WGS84) after to_crs(4326),YES,dissolved by N03_007; ward-level codes for designated cities
12206,木更津市,12,YES,138.8952,data_raw/N03-20250101_GML/N03-20250101.shp,geodesic WGS84 (Geod ellps=WGS84) after to_crs(4326),YES,dissolved by N03_007; ward-level codes for designated cities
12207,松戸市,12,YES,61.3778,data_raw/N03-20250101_GML/N03-20250101.shp,geodesic WGS84 (Geod ellps=WGS84) after to_crs(4326),YES,dissolved by N03_007; ward-level codes for designated cities
12208,野田市,12,YES,103.5499,data_raw/N03-20250101_GML/N03-20250101.shp,geodesic WGS84 (Geod ellps=WGS84) after to_crs(4326),YES,dissolved by N03_007; ward-level codes for designated cities
12210,茂原市,12,YES,99.9158,data_raw/N03-20250101_GML/N03-20250101.shp,geodesic WGS84 (Geod ellps=WGS84) after to_crs(4326),YES,dissolved by N03_007; ward-level codes for designated cities
12211,成田市,12,YES,213.8367,data_raw/N03-20250101_GML/N03-20250101.shp,geodesic WGS84 (Geod ellps=WGS84) after to_crs(4326),YES,dissolved by N03_007; ward-level codes for designated cities
12212,佐倉市,12,YES,103.6943,data_raw/N03-20250101_GML/N03-20250101.shp,geodesic WGS84 (Geod ellps=WGS84) after to_crs(4326),YES,dissolved by N03_007; ward-level codes for designated cities
12213,東金市,12,YES,89.1165,data_raw/N03-20250101_GML/N03-20250101.shp,geodesic WGS84 (Geod ellps=WGS84) after to_crs(4326),YES,dissolved by N03_007; ward-level codes for designated cities
12215,旭市,12,YES,130.475,data_raw/N03-20250101_GML/N03-20250101.shp,geodesic WGS84 (Geod ellps=WGS84) after to_crs(4326),YES,dissolved by N03_007; ward-level codes for designated cities
12216,習志野市,12,YES,20.9719,data_raw/N03-20250101_GML/N03-20250101.shp,geodesic WGS84 (Geod ellps=WGS84) after to_crs(4326),YES,dissolved by N03_007; ward-level codes for designated cities
12217,柏市,12,YES,114.7435,data_raw/N03-20250101_GML/N03-20250101.shp,geodesic WGS84 (Geod ellps=WGS84) after to_crs(4326),YES,dissolved by N03_007; ward-level codes for designated cities
12218,勝浦市,12,YES,94.1192,data_raw/N03-20250101_GML/N03-20250101.shp,geodesic WGS84 (Geod ellps=WGS84) after to_crs(4326),YES,dissolved by N03_007; ward-level codes for designated cities
12219,市原市,12,YES,368.1559,data_raw/N03-20250101_GML/N03-20250101.shp,geodesic WGS84 (Geod ellps=WGS84) after to_crs(4326),YES,dissolved by N03_007; ward-level codes for designated cities
12220,流山市,12,YES,35.3228,data_raw/N03-20250101_GML/N03-20250101.shp,geodesic WGS84 (Geod ellps=WGS84) after to_crs(4326),YES,dissolved by N03_007; ward-level codes for designated cities
12221,八千代市,12,YES,51.3885,data_raw/N03-20250101_GML/N03-20250101.shp,geodesic WGS84 (Geod ellps=WGS84) after to_crs(4326),YES,dissolved by N03_007; ward-level codes for designated cities
12222,我孫子市,12,YES,43.1491,data_raw/N03-20250101_GML/N03-20250101.shp,geodesic WGS84 (Geod ellps=WGS84) after to_crs(4326),YES,dissolved by N03_007; ward-level codes for designated cities
12223,鴨川市,12,YES,191.1381,data_raw/N03-20250101_GML/N03-20250101.shp,geodesic WGS84 (Geod ellps=WGS84) after to_crs(4326),YES,dissolved by N03_007; ward-level codes for designated cities
12224,鎌ケ谷市,12,YES,21.0849,data_raw/N03-20250101_GML/N03-20250101.shp,geodesic WGS84 (Geod ellps=WGS84) after to_crs(4326),YES,dissolved by N03_007; ward-level codes for designated cities
12225,君津市,12,YES,318.7777,data_raw/N03-20250101_GML/N03-20250101.shp,geodesic WGS84 (Geod ellps=WGS84) after to_crs(4326),YES,dissolved by N03_007; ward-level codes for designated cities
12226,富津市,12,YES,205.3961,data_raw/N03-20250101_GML/N03-20250101.shp,geodesic WGS84 (Geod ellps=WGS84) after to_crs(4326),YES,dissolved by N03_007; ward-level codes for designated cities
12227,浦安市,12,YES,18.8204,data_raw/N03-20250101_GML/N03-20250101.shp,geodesic WGS84 (Geod ellps=WGS84) after to_crs(4326),YES,dissolved by N03_007; ward-level codes for designated cities
12228,四街道市,12,YES,34.5238,data_raw/N03-20250101_GML/N03-20250101.shp,geodesic WGS84 (Geod ellps=WGS84) after to_crs(4326),YES,dissolved by N03_007; ward-level codes for designated cities
12229,袖ケ浦市,12,YES,94.8183,data_raw/N03-20250101_GML/N03-20250101.shp,geodesic WGS84 (Geod ellps=WGS84) after to_crs(4326),YES,dissolved by N03_007; ward-level codes for designated cities
12230,八街市,12,YES,74.9393,data_raw/N03-20250101_GML/N03-20250101.shp,geodesic WGS84 (Geod ellps=WGS84) after to_crs(4326),YES,dissolved by N03_007; ward-level codes for designated cities
12231,印西市,12,YES,123.7898,data_raw/N03-20250101_GML/N03-20250101.shp,geodesic WGS84 (Geod ellps=WGS84) after to_crs(4326),YES,dissolved by N03_007; ward-level codes for designated cities
12232,白井市,12,YES,35.4803,data_raw/N03-20250101_GML/N03-20250101.shp,geodesic WGS84 (Geod ellps=WGS84) after to_crs(4326),YES,dissolved by N03_007; ward-level codes for designated cities
12233,富里市,12,YES,53.8778,data_raw/N03-20250101_GML/N03-20250101.shp,geodesic WGS84 (Geod ellps=WGS84) after to_crs(4326),YES,dissolved by N03_007; ward-level codes for designated cities
12234,南房総市,12,YES,229.5549,data_raw/N03-20250101_GML/N03-20250101.shp,geodesic WGS84 (Geod ellps=WGS84) after to_crs(4326),YES,dissolved by N03_007; ward-level codes for designated cities
12235,匝瑳市,12,YES,101.4838,data_raw/N03-20250101_GML/N03-20250101.shp,geodesic WGS84 (Geod ellps=WGS84) after to_crs(4326),YES,dissolved by N03_007; ward-level codes for designated cities
12236,香取市,12,YES,262.3544,data_raw/N03-20250101_GML/N03-20250101.shp,geodesic WGS84 (Geod ellps=WGS84) after to_crs(4326),YES,dissolved by N03_007; ward-level codes for designated cities
12237,山武市,12,YES,146.77,data_raw/N03-20250101_GML/N03-20250101.shp,geodesic WGS84 (Geod ellps=WGS84) after to_crs(4326),YES,dissolved by N03_007; ward-level codes for designated cities
12238,いすみ市,12,YES,157.5009,data_raw/N03-20250101_GML/N03-20250101.shp,geodesic WGS84 (Geod ellps=WGS84) after to_crs(4326),YES,dissolved by N03_007; ward-level codes for designated cities
12239,大網白里市,12,YES,58.0837,data_raw/N03-20250101_GML/N03-20250101.shp,geodesic WGS84 (Geod ellps=WGS84) after to_crs(4326),YES,dissolved by N03_007; ward-level codes for designated cities
12322,酒々井町,12,YES,19.0085,data_raw/N03-20250101_GML/N03-20250101.shp,geodesic WGS84 (Geod ellps=WGS84) after to_crs(4326),YES,dissolved by N03_007; ward-level codes for designated cities
12329,栄町,12,YES,32.5133,data_raw/N03-20250101_GML/N03-20250101.shp,geodesic WGS84 (Geod ellps=WGS84) after to_crs(4326),YES,dissolved by N03_007; ward-level codes for designated cities
12342,神崎町,12,YES,19.8979,data_raw/N03-20250101_GML/N03-20250101.shp,geodesic WGS84 (Geod ellps=WGS84) after to_crs(4326),YES,dissolved by N03_007; ward-level codes for designated cities
12347,多古町,12,YES,72.8008,data_raw/N03-20250101_GML/N03-20250101.shp,geodesic WGS84 (Geod ellps=WGS84) after to_crs(4326),YES,dissolved by N03_007; ward-level codes for designated cities
12349,東庄町,12,YES,46.2536,data_raw/N03-20250101_GML/N03-20250101.shp,geodesic WGS84 (Geod ellps=WGS84) after to_crs(4326),YES,dissolved by N03_007; ward-level codes for designated cities
12403,九十九里町,12,YES,24.4411,data_raw/N03-20250101_GML/N03-20250101.shp,geodesic WGS84 (Geod ellps=WGS84) after to_crs(4326),YES,dissolved by N03_007; ward-level codes for designated cities
12409,芝山町,12,YES,43.2435,data_raw/N03-20250101_GML/N03-20250101.shp,geodesic WGS84 (Geod ellps=WGS84) after to_crs(4326),YES,dissolved by N03_007; ward-level codes for designated cities
12410,横芝光町,12,YES,67.0071,data_raw/N03-20250101_GML/N03-20250101.shp,geodesic WGS84 (Geod ellps=WGS84) after to_crs(4326),YES,dissolved by N03_007; ward-level codes for designated cities
12421,一宮町,12,YES,22.9738,data_raw/N03-20250101_GML/N03-20250101.shp,geodesic WGS84 (Geod ellps=WGS84) after to_crs(4326),YES,dissolved by N03_007; ward-level codes for designated cities
12422,睦沢町,12,YES,35.5903,data_raw/N03-20250101_GML/N03-20250101.shp,geodesic WGS84 (Geod ellps=WGS84) after to_crs(4326),YES,dissolved by N03_007; ward-level codes for designated cities
12423,長生村,12,YES,28.2536,data_raw/N03-20250101_GML/N03-20250101.shp,geodesic WGS84 (Geod ellps=WGS84) after to_crs(4326),YES,dissolved by N03_007; ward-level codes for designated cities
12424,白子町,12,YES,27.5036,data_raw/N03-20250101_GML/N03-20250101.shp,geodesic WGS84 (Geod ellps=WGS84) after to_crs(4326),YES,dissolved by N03_007; ward-level codes for designated cities
12426,長柄町,12,YES,47.1125,data_raw/N03-20250101_GML/N03-20250101.shp,geodesic WGS84 (Geod ellps=WGS84) after to_crs(4326),YES,dissolved by N03_007; ward-level codes for designated cities
12427,長南町,12,YES,65.5074,data_raw/N03-20250101_GML/N03-20250101.shp,geodesic WGS84 (Geod ellps=WGS84) after to_crs(4326),YES,dissolved by N03_007; ward-level codes for designated cities
12441,大多喜町,12,YES,129.8688,data_raw/N03-20250101_GML/N03-20250101.shp,geodesic WGS84 (Geod ellps=WGS84) after to_crs(4326),YES,dissolved by N03_007; ward-level codes for designated cities
12443,御宿町,12,YES,24.6989,data_raw/N03-20250101_GML/N03-20250101.shp,geodesic WGS84 (Geod ellps=WGS84) after to_crs(4326),YES,dissolved by N03_007; ward-level codes for designated cities
12463,鋸南町,12,YES,45.1745,data_raw/N03-20250101_GML/N03-20250101.shp,geodesic WGS84 (Geod ellps=WGS84) after to_crs(4326),YES,dissolved by N03_007; ward-level codes for designated cities
13101,千代田区,13,YES,11.3539,data_raw/N03-20250101_GML/N03-20250101.shp,geodesic WGS84 (Geod ellps=WGS84) after to_crs(4326),YES,dissolved by N03_007; ward-level codes for designated cities
13102,中央区,13,YES,10.0169,data_raw/N03-20250101_GML/N03-20250101.shp,geodesic WGS84 (Geod ellps=WGS84) after to_crs(4326),YES,dissolved by N03_007; ward-level codes for designated cities
13103,港区,13,YES,20.8528,data_raw/N03-20250101_GML/N03-20250101.shp,geodesic WGS84 (Geod ellps=WGS84) after to_crs(4326),YES,dissolved by N03_007; ward-level codes for designated cities
13104,新宿区,13,YES,18.224,data_raw/N03-20250101_GML/N03-20250101.shp,geodesic WGS84 (Geod ellps=WGS84) after to_crs(4326),YES,dissolved by N03_007; ward-level codes for designated cities
13105,文京区,13,YES,11.2862,data_raw/N03-20250101_GML/N03-20250101.shp,geodesic WGS84 (Geod ellps=WGS84) after to_crs(4326),YES,dissolved by N03_007; ward-level codes for designated cities
13106,台東区,13,YES,10.1063,data_raw/N03-20250101_GML/N03-20250101.shp,geodesic WGS84 (Geod ellps=WGS84) after to_crs(4326),YES,dissolved by N03_007; ward-level codes for designated cities
13107,墨田区,13,YES,13.7721,data_raw/N03-20250101_GML/N03-20250101.shp,geodesic WGS84 (Geod ellps=WGS84) after to_crs(4326),YES,dissolved by N03_007; ward-level codes for designated cities
13108,江東区,13,YES,44.1907,data_raw/N03-20250101_GML/N03-20250101.shp,geodesic WGS84 (Geod ellps=WGS84) after to_crs(4326),YES,dissolved by N03_007; ward-level codes for designated cities
13109,品川区,13,YES,22.8501,data_raw/N03-20250101_GML/N03-20250101.shp,geodesic WGS84 (Geod ellps=WGS84) after to_crs(4326),YES,dissolved by N03_007; ward-level codes for designated cities
13110,目黒区,13,YES,14.6744,data_raw/N03-20250101_GML/N03-20250101.shp,geodesic WGS84 (Geod ellps=WGS84) after to_crs(4326),YES,dissolved by N03_007; ward-level codes for designated cities
13111,大田区,13,YES,61.8566,data_raw/N03-20250101_GML/N03-20250101.shp,geodesic WGS84 (Geod ellps=WGS84) after to_crs(4326),YES,dissolved by N03_007; ward-level codes for designated cities
13112,世田谷区,13,YES,58.0544,data_raw/N03-20250101_GML/N03-20250101.shp,geodesic WGS84 (Geod ellps=WGS84) after to_crs(4326),YES,dissolved by N03_007; ward-level codes for designated cities
13113,渋谷区,13,YES,15.1105,data_raw/N03-20250101_GML/N03-20250101.shp,geodesic WGS84 (Geod ellps=WGS84) after to_crs(4326),YES,dissolved by N03_007; ward-level codes for designated cities
13114,中野区,13,YES,15.5943,data_raw/N03-20250101_GML/N03-20250101.shp,geodesic WGS84 (Geod ellps=WGS84) after to_crs(4326),YES,dissolved by N03_007; ward-level codes for designated cities
13115,杉並区,13,YES,34.0554,data_raw/N03-20250101_GML/N03-20250101.shp,geodesic WGS84 (Geod ellps=WGS84) after to_crs(4326),YES,dissolved by N03_007; ward-level codes for designated cities
13116,豊島区,13,YES,13.012,data_raw/N03-20250101_GML/N03-20250101.shp,geodesic WGS84 (Geod ellps=WGS84) after to_crs(4326),YES,dissolved by N03_007; ward-level codes for designated cities
13117,北区,13,YES,20.6089,data_raw/N03-20250101_GML/N03-20250101.shp,geodesic WGS84 (Geod ellps=WGS84) after to_crs(4326),YES,dissolved by N03_007; ward-level codes for designated cities
13118,荒川区,13,YES,10.156,data_raw/N03-20250101_GML/N03-20250101.shp,geodesic WGS84 (Geod ellps=WGS84) after to_crs(4326),YES,dissolved by N03_007; ward-level codes for designated cities
13119,板橋区,13,YES,32.2231,data_raw/N03-20250101_GML/N03-20250101.shp,geodesic WGS84 (Geod ellps=WGS84) after to_crs(4326),YES,dissolved by N03_007; ward-level codes for designated cities
13120,練馬区,13,YES,48.0822,data_raw/N03-20250101_GML/N03-20250101.shp,geodesic WGS84 (Geod ellps=WGS84) after to_crs(4326),YES,dissolved by N03_007; ward-level codes for designated cities
13121,足立区,13,YES,53.2462,data_raw/N03-20250101_GML/N03-20250101.shp,geodesic WGS84 (Geod ellps=WGS84) after to_crs(4326),YES,dissolved by N03_007; ward-level codes for designated cities
13122,葛飾区,13,YES,34.8793,data_raw/N03-20250101_GML/N03-20250101.shp,geodesic WGS84 (Geod ellps=WGS84) after to_crs(4326),YES,dissolved by N03_007; ward-level codes for designated cities
13123,江戸川区,13,YES,48.851,data_raw/N03-20250101_GML/N03-20250101.shp,geodesic WGS84 (Geod ellps=WGS84) after to_crs(4326),YES,dissolved by N03_007; ward-level codes for designated cities
13201,八王子市,13,YES,186.3804,data_raw/N03-20250101_GML/N03-20250101.shp,geodesic WGS84 (Geod ellps=WGS84) after to_crs(4326),YES,dissolved by N03_007; ward-level codes for designated cities
13202,立川市,13,YES,24.3603,data_raw/N03-20250101_GML/N03-20250101.shp,geodesic WGS84 (Geod ellps=WGS84) after to_crs(4326),YES,dissolved by N03_007; ward-level codes for designated cities
13203,武蔵野市,13,YES,10.9791,data_raw/N03-20250101_GML/N03-20250101.shp,geodesic WGS84 (Geod ellps=WGS84) after to_crs(4326),YES,dissolved by N03_007; ward-level codes for designated cities
13204,三鷹市,13,YES,16.4244,data_raw/N03-20250101_GML/N03-20250101.shp,geodesic WGS84 (Geod ellps=WGS84) after to_crs(4326),YES,dissolved by N03_007; ward-level codes for designated cities
13205,青梅市,13,YES,103.3068,data_raw/N03-20250101_GML/N03-20250101.shp,geodesic WGS84 (Geod ellps=WGS84) after to_crs(4326),YES,dissolved by N03_007; ward-level codes for designated cities
13206,府中市,13,YES,29.4262,data_raw/N03-20250101_GML/N03-20250101.shp,geodesic WGS84 (Geod ellps=WGS84) after to_crs(4326),YES,dissolved by N03_007; ward-level codes for designated cities
13207,昭島市,13,YES,17.3384,data_raw/N03-20250101_GML/N03-20250101.shp,geodesic WGS84 (Geod ellps=WGS84) after to_crs(4326),YES,dissolved by N03_007; ward-level codes for designated cities
13208,調布市,13,YES,21.5816,data_raw/N03-20250101_GML/N03-20250101.shp,geodesic WGS84 (Geod ellps=WGS84) after to_crs(4326),YES,dissolved by N03_007; ward-level codes for designated cities
13209,町田市,13,YES,71.547,data_raw/N03-20250101_GML/N03-20250101.shp,geodesic WGS84 (Geod ellps=WGS84) after to_crs(4326),YES,dissolved by N03_007; ward-level codes for designated cities
13210,小金井市,13,YES,11.2955,data_raw/N03-20250101_GML/N03-20250101.shp,geodesic WGS84 (Geod ellps=WGS84) after to_crs(4326),YES,dissolved by N03_007; ward-level codes for designated cities
13211,小平市,13,YES,20.5143,data_raw/N03-20250101_GML/N03-20250101.shp,geodesic WGS84 (Geod ellps=WGS84) after to_crs(4326),YES,dissolved by N03_007; ward-level codes for designated cities
13212,日野市,13,YES,27.5451,data_raw/N03-20250101_GML/N03-20250101.shp,geodesic WGS84 (Geod ellps=WGS84) after to_crs(4326),YES,dissolved by N03_007; ward-level codes for designated cities
13213,東村山市,13,YES,17.1353,data_raw/N03-20250101_GML/N03-20250101.shp,geodesic WGS84 (Geod ellps=WGS84) after to_crs(4326),YES,dissolved by N03_007; ward-level codes for designated cities
13214,国分寺市,13,YES,11.4563,data_raw/N03-20250101_GML/N03-20250101.shp,geodesic WGS84 (Geod ellps=WGS84) after to_crs(4326),YES,dissolved by N03_007; ward-level codes for designated cities
13215,国立市,13,YES,8.1484,data_raw/N03-20250101_GML/N03-20250101.shp,geodesic WGS84 (Geod ellps=WGS84) after to_crs(4326),YES,dissolved by N03_007; ward-level codes for designated cities
13218,福生市,13,YES,10.1624,data_raw/N03-20250101_GML/N03-20250101.shp,geodesic WGS84 (Geod ellps=WGS84) after to_crs(4326),YES,dissolved by N03_007; ward-level codes for designated cities
13219,狛江市,13,YES,6.3868,data_raw/N03-20250101_GML/N03-20250101.shp,geodesic WGS84 (Geod ellps=WGS84) after to_crs(4326),YES,dissolved by N03_007; ward-level codes for designated cities
13220,東大和市,13,YES,13.4241,data_raw/N03-20250101_GML/N03-20250101.shp,geodesic WGS84 (Geod ellps=WGS84) after to_crs(4326),YES,dissolved by N03_007; ward-level codes for designated cities
13221,清瀬市,13,YES,10.2303,data_raw/N03-20250101_GML/N03-20250101.shp,geodesic WGS84 (Geod ellps=WGS84) after to_crs(4326),YES,dissolved by N03_007; ward-level codes for designated cities
13222,東久留米市,13,YES,12.8813,data_raw/N03-20250101_GML/N03-20250101.shp,geodesic WGS84 (Geod ellps=WGS84) after to_crs(4326),YES,dissolved by N03_007; ward-level codes for designated cities
13223,武蔵村山市,13,YES,15.3215,data_raw/N03-20250101_GML/N03-20250101.shp,geodesic WGS84 (Geod ellps=WGS84) after to_crs(4326),YES,dissolved by N03_007; ward-level codes for designated cities
13224,多摩市,13,YES,21.01,data_raw/N03-20250101_GML/N03-20250101.shp,geodesic WGS84 (Geod ellps=WGS84) after to_crs(4326),YES,dissolved by N03_007; ward-level codes for designated cities
13225,稲城市,13,YES,17.9698,data_raw/N03-20250101_GML/N03-20250101.shp,geodesic WGS84 (Geod ellps=WGS84) after to_crs(4326),YES,dissolved by N03_007; ward-level codes for designated cities
13227,羽村市,13,YES,9.9019,data_raw/N03-20250101_GML/N03-20250101.shp,geodesic WGS84 (Geod ellps=WGS84) after to_crs(4326),YES,dissolved by N03_007; ward-level codes for designated cities
13228,あきる野市,13,YES,73.4696,data_raw/N03-20250101_GML/N03-20250101.shp,geodesic WGS84 (Geod ellps=WGS84) after to_crs(4326),YES,dissolved by N03_007; ward-level codes for designated cities
13229,西東京市,13,YES,15.7528,data_raw/N03-20250101_GML/N03-20250101.shp,geodesic WGS84 (Geod ellps=WGS84) after to_crs(4326),YES,dissolved by N03_007; ward-level codes for designated cities
13303,瑞穂町,13,YES,16.8461,data_raw/N03-20250101_GML/N03-20250101.shp,geodesic WGS84 (Geod ellps=WGS84) after to_crs(4326),YES,dissolved by N03_007; ward-level codes for designated cities
13305,日の出町,13,YES,28.0735,data_raw/N03-20250101_GML/N03-20250101.shp,geodesic WGS84 (Geod ellps=WGS84) after to_crs(4326),YES,dissolved by N03_007; ward-level codes for designated cities
13307,檜原村,13,YES,105.4065,data_raw/N03-20250101_GML/N03-20250101.shp,geodesic WGS84 (Geod ellps=WGS84) after to_crs(4326),YES,dissolved by N03_007; ward-level codes for designated cities
13308,奥多摩町,13,YES,225.5329,data_raw/N03-20250101_GML/N03-20250101.shp,geodesic WGS84 (Geod ellps=WGS84) after to_crs(4326),YES,dissolved by N03_007; ward-level codes for designated cities
13361,大島町,13,YES,90.7628,data_raw/N03-20250101_GML/N03-20250101.shp,geodesic WGS84 (Geod ellps=WGS84) after to_crs(4326),YES,dissolved by N03_007; ward-level codes for designated cities
13362,利島村,13,YES,4.0365,data_raw/N03-20250101_GML/N03-20250101.shp,geodesic WGS84 (Geod ellps=WGS84) after to_crs(4326),YES,dissolved by N03_007; ward-level codes for designated cities
13363,新島村,13,YES,27.5372,data_raw/N03-20250101_GML/N03-20250101.shp,geodesic WGS84 (Geod ellps=WGS84) after to_crs(4326),YES,dissolved by N03_007; ward-level codes for designated cities
13364,神津島村,13,YES,18.5835,data_raw/N03-20250101_GML/N03-20250101.shp,geodesic WGS84 (Geod ellps=WGS84) after to_crs(4326),YES,dissolved by N03_007; ward-level codes for designated cities
13381,三宅村,13,YES,55.2576,data_raw/N03-20250101_GML/N03-20250101.shp,geodesic WGS84 (Geod ellps=WGS84) after to_crs(4326),YES,dissolved by N03_007; ward-level codes for designated cities
13382,御蔵島村,13,YES,20.3893,data_raw/N03-20250101_GML/N03-20250101.shp,geodesic WGS84 (Geod ellps=WGS84) after to_crs(4326),YES,dissolved by N03_007; ward-level codes for designated cities
13401,八丈町,13,YES,72.2373,data_raw/N03-20250101_GML/N03-20250101.shp,geodesic WGS84 (Geod ellps=WGS84) after to_crs(4326),YES,dissolved by N03_007; ward-level codes for designated cities
13402,青ヶ島村,13,YES,5.9517,data_raw/N03-20250101_GML/N03-20250101.shp,geodesic WGS84 (Geod ellps=WGS84) after to_crs(4326),YES,dissolved by N03_007; ward-level codes for designated cities
13421,小笠原村,13,YES,113.0445,data_raw/N03-20250101_GML/N03-20250101.shp,geodesic WGS84 (Geod ellps=WGS84) after to_crs(4326),YES,dissolved by N03_007; ward-level codes for designated cities
14101,横浜市鶴見区,14,YES,33.2144,data_raw/N03-20250101_GML/N03-20250101.shp,geodesic WGS84 (Geod ellps=WGS84) after to_crs(4326),YES,dissolved by N03_007; ward-level codes for designated cities
14102,横浜市神奈川区,14,YES,23.7254,data_raw/N03-20250101_GML/N03-20250101.shp,geodesic WGS84 (Geod ellps=WGS84) after to_crs(4326),YES,dissolved by N03_007; ward-level codes for designated cities
14103,横浜市西区,14,YES,7.0267,data_raw/N03-20250101_GML/N03-20250101.shp,geodesic WGS84 (Geod ellps=WGS84) after to_crs(4326),YES,dissolved by N03_007; ward-level codes for designated cities
14104,横浜市中区,14,YES,22.0133,data_raw/N03-20250101_GML/N03-20250101.shp,geodesic WGS84 (Geod ellps=WGS84) after to_crs(4326),YES,dissolved by N03_007; ward-level codes for designated cities
14105,横浜市南区,14,YES,12.6544,data_raw/N03-20250101_GML/N03-20250101.shp,geodesic WGS84 (Geod ellps=WGS84) after to_crs(4326),YES,dissolved by N03_007; ward-level codes for designated cities
14106,横浜市保土ケ谷区,14,YES,21.932,data_raw/N03-20250101_GML/N03-20250101.shp,geodesic WGS84 (Geod ellps=WGS84) after to_crs(4326),YES,dissolved by N03_007; ward-level codes for designated cities
14107,横浜市磯子区,14,YES,19.0184,data_raw/N03-20250101_GML/N03-20250101.shp,geodesic WGS84 (Geod ellps=WGS84) after to_crs(4326),YES,dissolved by N03_007; ward-level codes for designated cities
14108,横浜市金沢区,14,YES,30.9464,data_raw/N03-20250101_GML/N03-20250101.shp,geodesic WGS84 (Geod ellps=WGS84) after to_crs(4326),YES,dissolved by N03_007; ward-level codes for designated cities
14109,横浜市港北区,14,YES,31.4026,data_raw/N03-20250101_GML/N03-20250101.shp,geodesic WGS84 (Geod ellps=WGS84) after to_crs(4326),YES,dissolved by N03_007; ward-level codes for designated cities
14110,横浜市戸塚区,14,YES,35.7943,data_raw/N03-20250101_GML/N03-20250101.shp,geodesic WGS84 (Geod ellps=WGS84) after to_crs(4326),YES,dissolved by N03_007; ward-level codes for designated cities
14111,横浜市港南区,14,YES,19.9038,data_raw/N03-20250101_GML/N03-20250101.shp,geodesic WGS84 (Geod ellps=WGS84) after to_crs(4326),YES,dissolved by N03_007; ward-level codes for designated cities
14112,横浜市旭区,14,YES,32.73,data_raw/N03-20250101_GML/N03-20250101.shp,geodesic WGS84 (Geod ellps=WGS84) after to_crs(4326),YES,dissolved by N03_007; ward-level codes for designated cities
14113,横浜市緑区,14,YES,25.5099,data_raw/N03-20250101_GML/N03-20250101.shp,geodesic WGS84 (Geod ellps=WGS84) after to_crs(4326),YES,dissolved by N03_007; ward-level codes for designated cities
14114,横浜市瀬谷区,14,YES,17.1655,data_raw/N03-20250101_GML/N03-20250101.shp,geodesic WGS84 (Geod ellps=WGS84) after to_crs(4326),YES,dissolved by N03_007; ward-level codes for designated cities
14115,横浜市栄区,14,YES,18.5233,data_raw/N03-20250101_GML/N03-20250101.shp,geodesic WGS84 (Geod ellps=WGS84) after to_crs(4326),YES,dissolved by N03_007; ward-level codes for designated cities
14116,横浜市泉区,14,YES,23.5788,data_raw/N03-20250101_GML/N03-20250101.shp,geodesic WGS84 (Geod ellps=WGS84) after to_crs(4326),YES,dissolved by N03_007; ward-level codes for designated cities
14117,横浜市青葉区,14,YES,35.2205,data_raw/N03-20250101_GML/N03-20250101.shp,geodesic WGS84 (Geod ellps=WGS84) after to_crs(4326),YES,dissolved by N03_007; ward-level codes for designated cities
14118,横浜市都筑区,14,YES,27.8733,data_raw/N03-20250101_GML/N03-20250101.shp,geodesic WGS84 (Geod ellps=WGS84) after to_crs(4326),YES,dissolved by N03_007; ward-level codes for designated cities
14131,川崎市川崎区,14,YES,39.4877,data_raw/N03-20250101_GML/N03-20250101.shp,geodesic WGS84 (Geod ellps=WGS84) after to_crs(4326),YES,dissolved by N03_007; ward-level codes for designated cities
14132,川崎市幸区,14,YES,10.0088,data_raw/N03-20250101_GML/N03-20250101.shp,geodesic WGS84 (Geod ellps=WGS84) after to_crs(4326),YES,dissolved by N03_007; ward-level codes for designated cities
14133,川崎市中原区,14,YES,14.7405,data_raw/N03-20250101_GML/N03-20250101.shp,geodesic WGS84 (Geod ellps=WGS84) after to_crs(4326),YES,dissolved by N03_007; ward-level codes for designated cities
14134,川崎市高津区,14,YES,16.3582,data_raw/N03-20250101_GML/N03-20250101.shp,geodesic WGS84 (Geod ellps=WGS84) after to_crs(4326),YES,dissolved by N03_007; ward-level codes for designated cities
14135,川崎市多摩区,14,YES,20.503,data_raw/N03-20250101_GML/N03-20250101.shp,geodesic WGS84 (Geod ellps=WGS84) after to_crs(4326),YES,dissolved by N03_007; ward-level codes for designated cities
14136,川崎市宮前区,14,YES,18.6077,data_raw/N03-20250101_GML/N03-20250101.shp,geodesic WGS84 (Geod ellps=WGS84) after to_crs(4326),YES,dissolved by N03_007; ward-level codes for designated cities
14137,川崎市麻生区,14,YES,23.2546,data_raw/N03-20250101_GML/N03-20250101.shp,geodesic WGS84 (Geod ellps=WGS84) after to_crs(4326),YES,dissolved by N03_007; ward-level codes for designated cities
14151,相模原市緑区,14,YES,253.9289,data_raw/N03-20250101_GML/N03-20250101.shp,geodesic WGS84 (Geod ellps=WGS84) after to_crs(4326),YES,dissolved by N03_007; ward-level codes for designated cities
14152,相模原市中央区,14,YES,36.8701,data_raw/N03-20250101_GML/N03-20250101.shp,geodesic WGS84 (Geod ellps=WGS84) after to_crs(4326),YES,dissolved by N03_007; ward-level codes for designated cities
14153,相模原市南区,14,YES,38.1106,data_raw/N03-20250101_GML/N03-20250101.shp,geodesic WGS84 (Geod ellps=WGS84) after to_crs(4326),YES,dissolved by N03_007; ward-level codes for designated cities
14201,横須賀市,14,YES,100.7994,data_raw/N03-20250101_GML/N03-20250101.shp,geodesic WGS84 (Geod ellps=WGS84) after to_crs(4326),YES,dissolved by N03_007; ward-level codes for designated cities
14203,平塚市,14,YES,67.6688,data_raw/N03-20250101_GML/N03-20250101.shp,geodesic WGS84 (Geod ellps=WGS84) after to_crs(4326),YES,dissolved by N03_007; ward-level codes for designated cities
14204,鎌倉市,14,YES,39.6597,data_raw/N03-20250101_GML/N03-20250101.shp,geodesic WGS84 (Geod ellps=WGS84) after to_crs(4326),YES,dissolved by N03_007; ward-level codes for designated cities
14205,藤沢市,14,YES,69.5636,data_raw/N03-20250101_GML/N03-20250101.shp,geodesic WGS84 (Geod ellps=WGS84) after to_crs(4326),YES,dissolved by N03_007; ward-level codes for designated cities
14206,小田原市,14,YES,113.5951,data_raw/N03-20250101_GML/N03-20250101.shp,geodesic WGS84 (Geod ellps=WGS84) after to_crs(4326),YES,dissolved by N03_007; ward-level codes for designated cities
14207,茅ヶ崎市,14,YES,35.6761,data_raw/N03-20250101_GML/N03-20250101.shp,geodesic WGS84 (Geod ellps=WGS84) after to_crs(4326),YES,dissolved by N03_007; ward-level codes for designated cities
14208,逗子市,14,YES,17.2761,data_raw/N03-20250101_GML/N03-20250101.shp,geodesic WGS84 (Geod ellps=WGS84) after to_crs(4326),YES,dissolved by N03_007; ward-level codes for designated cities
14210,三浦市,14,YES,32.0537,data_raw/N03-20250101_GML/N03-20250101.shp,geodesic WGS84 (Geod ellps=WGS84) after to_crs(4326),YES,dissolved by N03_007; ward-level codes for designated cities
14211,秦野市,14,YES,103.7595,data_raw/N03-20250101_GML/N03-20250101.shp,geodesic WGS84 (Geod ellps=WGS84) after to_crs(4326),YES,dissolved by N03_007; ward-level codes for designated cities
14212,厚木市,14,YES,93.8252,data_raw/N03-20250101_GML/N03-20250101.shp,geodesic WGS84 (Geod ellps=WGS84) after to_crs(4326),YES,dissolved by N03_007; ward-level codes for designated cities
14213,大和市,14,YES,27.089,data_raw/N03-20250101_GML/N03-20250101.shp,geodesic WGS84 (Geod ellps=WGS84) after to_crs(4326),YES,dissolved by N03_007; ward-level codes for designated cities
14214,伊勢原市,14,YES,55.5582,data_raw/N03-20250101_GML/N03-20250101.shp,geodesic WGS84 (Geod ellps=WGS84) after to_crs(4326),YES,dissolved by N03_007; ward-level codes for designated cities
14215,海老名市,14,YES,26.5861,data_raw/N03-20250101_GML/N03-20250101.shp,geodesic WGS84 (Geod ellps=WGS84) after to_crs(4326),YES,dissolved by N03_007; ward-level codes for designated cities
14216,座間市,14,YES,17.5665,data_raw/N03-20250101_GML/N03-20250101.shp,geodesic WGS84 (Geod ellps=WGS84) after to_crs(4326),YES,dissolved by N03_007; ward-level codes for designated cities
14217,南足柄市,14,YES,77.1238,data_raw/N03-20250101_GML/N03-20250101.shp,geodesic WGS84 (Geod ellps=WGS84) after to_crs(4326),YES,dissolved by N03_007; ward-level codes for designated cities
14218,綾瀬市,14,YES,22.1412,data_raw/N03-20250101_GML/N03-20250101.shp,geodesic WGS84 (Geod ellps=WGS84) after to_crs(4326),YES,dissolved by N03_007; ward-level codes for designated cities
14301,葉山町,14,YES,17.0422,data_raw/N03-20250101_GML/N03-20250101.shp,geodesic WGS84 (Geod ellps=WGS84) after to_crs(4326),YES,dissolved by N03_007; ward-level codes for designated cities
14321,寒川町,14,YES,13.3384,data_raw/N03-20250101_GML/N03-20250101.shp,geodesic WGS84 (Geod ellps=WGS84) after to_crs(4326),YES,dissolved by N03_007; ward-level codes for designated cities
14341,大磯町,14,YES,17.3678,data_raw/N03-20250101_GML/N03-20250101.shp,geodesic WGS84 (Geod ellps=WGS84) after to_crs(4326),YES,dissolved by N03_007; ward-level codes for designated cities
14342,二宮町,14,YES,9.0754,data_raw/N03-20250101_GML/N03-20250101.shp,geodesic WGS84 (Geod ellps=WGS84) after to_crs(4326),YES,dissolved by N03_007; ward-level codes for designated cities
14361,中井町,14,YES,19.9948,data_raw/N03-20250101_GML/N03-20250101.shp,geodesic WGS84 (Geod ellps=WGS84) after to_crs(4326),YES,dissolved by N03_007; ward-level codes for designated cities
14362,大井町,14,YES,14.3806,data_raw/N03-20250101_GML/N03-20250101.shp,geodesic WGS84 (Geod ellps=WGS84) after to_crs(4326),YES,dissolved by N03_007; ward-level codes for designated cities
14363,松田町,14,YES,37.7486,data_raw/N03-20250101_GML/N03-20250101.shp,geodesic WGS84 (Geod ellps=WGS84) after to_crs(4326),YES,dissolved by N03_007; ward-level codes for designated cities
14364,山北町,14,YES,224.6071,data_raw/N03-20250101_GML/N03-20250101.shp,geodesic WGS84 (Geod ellps=WGS84) after to_crs(4326),YES,dissolved by N03_007; ward-level codes for designated cities
14366,開成町,14,YES,6.5499,data_raw/N03-20250101_GML/N03-20250101.shp,geodesic WGS84 (Geod ellps=WGS84) after to_crs(4326),YES,dissolved by N03_007; ward-level codes for designated cities
14382,箱根町,14,YES,92.8608,data_raw/N03-20250101_GML/N03-20250101.shp,geodesic WGS84 (Geod ellps=WGS84) after to_crs(4326),YES,dissolved by N03_007; ward-level codes for designated cities
14383,真鶴町,14,YES,7.0458,data_raw/N03-20250101_GML/N03-20250101.shp,geodesic WGS84 (Geod ellps=WGS84) after to_crs(4326),YES,dissolved by N03_007; ward-level codes for designated cities
14384,湯河原町,14,YES,40.9664,data_raw/N03-20250101_GML/N03-20250101.shp,geodesic WGS84 (Geod ellps=WGS84) after to_crs(4326),YES,dissolved by N03_007; ward-level codes for designated cities
14401,愛川町,14,YES,34.2773,data_raw/N03-20250101_GML/N03-20250101.shp,geodesic WGS84 (Geod ellps=WGS84) after to_crs(4326),YES,dissolved by N03_007; ward-level codes for designated cities
14402,清川村,14,YES,71.2439,data_raw/N03-20250101_GML/N03-20250101.shp,geodesic WGS84 (Geod ellps=WGS84) after to_crs(4326),YES,dissolved by N03_007; ward-level codes for designated cities
