municipality_code,municipality_name,prefecture,establishment_count_available,area_km2_available,commercial_density_available,establishment_count,commercial_density,source_table_id,economic_census_year,notes
11101,さいたま市西区,11,YES,YES,YES,2085,71.61,0004005655,2021,establishments/area_km2
11102,さいたま市北区,11,YES,YES,YES,4453,264.16,0004005655,2021,establishments/area_km2
11103,さいたま市大宮区,11,YES,YES,YES,7313,571.21,0004005655,2021,establishments/area_km2
11104,さいたま市見沼区,11,YES,YES,YES,3922,127.81,0004005655,2021,establishments/area_km2
11105,さいたま市中央区,11,YES,YES,YES,2974,354.5,0004005655,2021,establishments/area_km2
11106,さいたま市桜区,11,YES,YES,YES,2404,128.99,0004005655,2021,establishments/area_km2
11107,さいたま市浦和区,11,YES,YES,YES,5609,487.27,0004005655,2021,establishments/area_km2
11108,さいたま市南区,11,YES,YES,YES,4583,331.53,0004005655,2021,establishments/area_km2
11109,さいたま市緑区,11,YES,YES,YES,2927,110.72,0004005655,2021,establishments/area_km2
11110,さいたま市岩槻区,11,YES,YES,YES,3963,80.59,0004005655,2021,establishments/area_km2
11201,川越市,11,YES,YES,YES,10770,98.69,0004005655,2021,establishments/area_km2
11202,熊谷市,11,YES,YES,YES,7800,48.81,0004005655,2021,establishments/area_km2
11203,川口市,11,YES,YES,YES,19059,307.67,0004005655,2021,establishments/area_km2
11206,行田市,11,YES,YES,YES,2958,43.83,0004005655,2021,establishments/area_km2
11207,秩父市,11,YES,YES,YES,3101,5.37,0004005655,2021,establishments/area_km2
11208,所沢市,11,YES,YES,YES,9413,130.54,0004005655,2021,establishments/area_km2
11209,飯能市,11,YES,YES,YES,2771,14.35,0004005655,2021,establishments/area_km2
11210,加須市,11,YES,YES,YES,3714,27.86,0004005655,2021,establishments/area_km2
11211,本庄市,11,YES,YES,YES,3239,36.11,0004005655,2021,establishments/area_km2
11212,東松山市,11,YES,YES,YES,3375,51.65,0004005655,2021,establishments/area_km2
11214,春日部市,11,YES,YES,YES,6882,104.28,0004005655,2021,establishments/area_km2
11215,狭山市,11,YES,YES,YES,4373,89.26,0004005655,2021,establishments/area_km2
11216,羽生市,11,YES,YES,YES,2109,35.96,0004005655,2021,establishments/area_km2
11217,鴻巣市,11,YES,YES,YES,3225,47.82,0004005655,2021,establishments/area_km2
11218,深谷市,11,YES,YES,YES,5136,37.12,0004005655,2021,establishments/area_km2
11219,上尾市,11,YES,YES,YES,6043,132.78,0004005655,2021,establishments/area_km2
11221,草加市,11,YES,YES,YES,7081,257.87,0004005655,2021,establishments/area_km2
11222,越谷市,11,YES,YES,YES,10579,175.6,0004005655,2021,establishments/area_km2
11223,蕨市,11,YES,YES,YES,2340,458.34,0004005655,2021,establishments/area_km2
11224,戸田市,11,YES,YES,YES,5202,286.06,0004005655,2021,establishments/area_km2
11225,入間市,11,YES,YES,YES,4639,103.79,0004005655,2021,establishments/area_km2
11227,朝霞市,11,YES,YES,YES,3602,196.45,0004005655,2021,establishments/area_km2
11228,志木市,11,YES,YES,YES,2039,225.31,0004005655,2021,establishments/area_km2
11229,和光市,11,YES,YES,YES,1952,176.85,0004005655,2021,establishments/area_km2
11230,新座市,11,YES,YES,YES,4474,196.4,0004005655,2021,establishments/area_km2
11231,桶川市,11,YES,YES,YES,2184,86.17,0004005655,2021,establishments/area_km2
11232,久喜市,11,YES,YES,YES,4731,57.41,0004005655,2021,establishments/area_km2
11233,北本市,11,YES,YES,YES,1889,95.33,0004005655,2021,establishments/area_km2
11234,八潮市,11,YES,YES,YES,4342,241.0,0004005655,2021,establishments/area_km2
11235,富士見市,11,YES,YES,YES,2863,144.85,0004005655,2021,establishments/area_km2
11237,三郷市,11,YES,YES,YES,5073,168.83,0004005655,2021,establishments/area_km2
11238,蓮田市,11,YES,YES,YES,1669,61.18,0004005655,2021,establishments/area_km2
11239,坂戸市,11,YES,YES,YES,2642,64.4,0004005655,2021,establishments/area_km2
11240,幸手市,11,YES,YES,YES,1848,54.47,0004005655,2021,establishments/area_km2
11241,鶴ヶ島市,11,YES,YES,YES,1976,111.94,0004005655,2021,establishments/area_km2
11242,日高市,11,YES,YES,YES,1714,36.1,0004005655,2021,establishments/area_km2
11243,吉川市,11,YES,YES,YES,2075,65.53,0004005655,2021,establishments/area_km2
11245,ふじみ野市,11,YES,YES,YES,2796,191.0,0004005655,2021,establishments/area_km2
11246,白岡市,11,YES,YES,YES,1334,53.52,0004005655,2021,establishments/area_km2
11301,伊奈町,11,YES,YES,YES,1233,83.37,0004005655,2021,establishments/area_km2
11324,三芳町,11,YES,YES,YES,1538,100.34,0004005655,2021,establishments/area_km2
11326,毛呂山町,11,YES,YES,YES,1056,30.99,0004005655,2021,establishments/area_km2
11327,越生町,11,YES,YES,YES,422,10.45,0004005655,2021,establishments/area_km2
11341,滑川町,11,YES,YES,YES,538,18.13,0004005655,2021,establishments/area_km2
11342,嵐山町,11,YES,YES,YES,682,22.8,0004005655,2021,establishments/area_km2
11343,小川町,11,YES,YES,YES,1020,16.9,0004005655,2021,establishments/area_km2
11346,川島町,11,YES,YES,YES,846,20.32,0004005655,2021,establishments/area_km2
11347,吉見町,11,YES,YES,YES,600,15.53,0004005655,2021,establishments/area_km2
11348,鳩山町,11,YES,YES,YES,393,15.27,0004005655,2021,establishments/area_km2
11349,ときがわ町,11,YES,YES,YES,544,9.73,0004005655,2021,establishments/area_km2
11361,横瀬町,11,YES,YES,YES,310,6.29,0004005655,2021,establishments/area_km2
11362,皆野町,11,YES,YES,YES,477,7.48,0004005655,2021,establishments/area_km2
11363,長瀞町,11,YES,YES,YES,404,13.28,0004005655,2021,establishments/area_km2
11365,小鹿野町,11,YES,YES,YES,566,3.31,0004005655,2021,establishments/area_km2
11369,東秩父村,11,YES,YES,YES,122,3.29,0004005655,2021,establishments/area_km2
11381,美里町,11,YES,YES,YES,416,12.45,0004005655,2021,establishments/area_km2
11383,神川町,11,YES,YES,YES,454,9.58,0004005655,2021,establishments/area_km2
11385,上里町,11,YES,YES,YES,955,32.73,0004005655,2021,establishments/area_km2
11408,寄居町,11,YES,YES,YES,1173,18.26,0004005655,2021,establishments/area_km2
11442,宮代町,11,YES,YES,YES,935,58.62,0004005655,2021,establishments/area_km2
11464,杉戸町,11,YES,YES,YES,1430,47.62,0004005655,2021,establishments/area_km2
11465,松伏町,11,YES,YES,YES,919,56.74,0004005655,2021,establishments/area_km2
12101,千葉市中央区,12,YES,YES,YES,10098,225.83,0004005655,2021,establishments/area_km2
12102,千葉市花見川区,12,YES,YES,YES,3844,112.43,0004005655,2021,establishments/area_km2
12103,千葉市稲毛区,12,YES,YES,YES,3974,187.26,0004005655,2021,establishments/area_km2
12104,千葉市若葉区,12,YES,YES,YES,3861,45.86,0004005655,2021,establishments/area_km2
12105,千葉市緑区,12,YES,YES,YES,2510,37.89,0004005655,2021,establishments/area_km2
12106,千葉市美浜区,12,YES,YES,YES,3539,166.96,0004005655,2021,establishments/area_km2
12202,銚子市,12,YES,YES,YES,3096,36.81,0004005655,2021,establishments/area_km2
12203,市川市,12,YES,YES,YES,11551,202.92,0004005655,2021,establishments/area_km2
12204,船橋市,12,YES,YES,YES,15194,177.46,0004005655,2021,establishments/area_km2
12205,館山市,12,YES,YES,YES,2403,21.84,0004005655,2021,establishments/area_km2
12206,木更津市,12,YES,YES,YES,5221,37.59,0004005655,2021,establishments/area_km2
12207,松戸市,12,YES,YES,YES,12947,210.94,0004005655,2021,establishments/area_km2
12208,野田市,12,YES,YES,YES,4687,45.26,0004005655,2021,establishments/area_km2
12210,茂原市,12,YES,YES,YES,3244,32.47,0004005655,2021,establishments/area_km2
12211,成田市,12,YES,YES,YES,5227,24.44,0004005655,2021,establishments/area_km2
12212,佐倉市,12,YES,YES,YES,4417,42.6,0004005655,2021,establishments/area_km2
12213,東金市,12,YES,YES,YES,2228,25.0,0004005655,2021,establishments/area_km2
12215,旭市,12,YES,YES,YES,2840,21.77,0004005655,2021,establishments/area_km2
12216,習志野市,12,YES,YES,YES,3944,188.06,0004005655,2021,establishments/area_km2
12217,柏市,12,YES,YES,YES,11976,104.37,0004005655,2021,establishments/area_km2
12218,勝浦市,12,YES,YES,YES,1006,10.69,0004005655,2021,establishments/area_km2
12219,市原市,12,YES,YES,YES,8380,22.76,0004005655,2021,establishments/area_km2
12220,流山市,12,YES,YES,YES,4241,120.06,0004005655,2021,establishments/area_km2
12221,八千代市,12,YES,YES,YES,4770,92.82,0004005655,2021,establishments/area_km2
12222,我孫子市,12,YES,YES,YES,2812,65.17,0004005655,2021,establishments/area_km2
12223,鴨川市,12,YES,YES,YES,1752,9.17,0004005655,2021,establishments/area_km2
12224,鎌ケ谷市,12,YES,YES,YES,2693,127.72,0004005655,2021,establishments/area_km2
12225,君津市,12,YES,YES,YES,3074,9.64,0004005655,2021,establishments/area_km2
12226,富津市,12,YES,YES,YES,1723,8.39,0004005655,2021,establishments/area_km2
12227,浦安市,12,YES,YES,YES,4304,228.69,0004005655,2021,establishments/area_km2
12228,四街道市,12,YES,YES,YES,2370,68.65,0004005655,2021,establishments/area_km2
12229,袖ケ浦市,12,YES,YES,YES,1952,20.59,0004005655,2021,establishments/area_km2
12230,八街市,12,YES,YES,YES,2361,31.51,0004005655,2021,establishments/area_km2
12231,印西市,12,YES,YES,YES,2427,19.61,0004005655,2021,establishments/area_km2
12232,白井市,12,YES,YES,YES,1704,48.03,0004005655,2021,establishments/area_km2
12233,富里市,12,YES,YES,YES,1533,28.45,0004005655,2021,establishments/area_km2
12234,南房総市,12,YES,YES,YES,1798,7.83,0004005655,2021,establishments/area_km2
12235,匝瑳市,12,YES,YES,YES,1514,14.92,0004005655,2021,establishments/area_km2
12236,香取市,12,YES,YES,YES,3182,12.13,0004005655,2021,establishments/area_km2
12237,山武市,12,YES,YES,YES,1635,11.14,0004005655,2021,establishments/area_km2
12238,いすみ市,12,YES,YES,YES,1475,9.37,0004005655,2021,establishments/area_km2
12239,大網白里市,12,YES,YES,YES,1289,22.19,0004005655,2021,establishments/area_km2
12322,酒々井町,12,YES,YES,YES,750,39.46,0004005655,2021,establishments/area_km2
12329,栄町,12,YES,YES,YES,456,14.03,0004005655,2021,establishments/area_km2
12342,神崎町,12,YES,YES,YES,206,10.35,0004005655,2021,establishments/area_km2
12347,多古町,12,YES,YES,YES,737,10.12,0004005655,2021,establishments/area_km2
12349,東庄町,12,YES,YES,YES,490,10.59,0004005655,2021,establishments/area_km2
12403,九十九里町,12,YES,YES,YES,620,25.37,0004005655,2021,establishments/area_km2
12409,芝山町,12,YES,YES,YES,488,11.28,0004005655,2021,establishments/area_km2
12410,横芝光町,12,YES,YES,YES,858,12.8,0004005655,2021,establishments/area_km2
12421,一宮町,12,YES,YES,YES,501,21.81,0004005655,2021,establishments/area_km2
12422,睦沢町,12,YES,YES,YES,227,6.38,0004005655,2021,establishments/area_km2
12423,長生村,12,YES,YES,YES,404,14.3,0004005655,2021,establishments/area_km2
12424,白子町,12,YES,YES,YES,377,13.71,0004005655,2021,establishments/area_km2
12426,長柄町,12,YES,YES,YES,270,5.73,0004005655,2021,establishments/area_km2
12427,長南町,12,YES,YES,YES,321,4.9,0004005655,2021,establishments/area_km2
12441,大多喜町,12,YES,YES,YES,509,3.92,0004005655,2021,establishments/area_km2
12443,御宿町,12,YES,YES,YES,327,13.24,0004005655,2021,establishments/area_km2
12463,鋸南町,12,YES,YES,YES,352,7.79,0004005655,2021,establishments/area_km2
13101,千代田区,13,YES,YES,YES,35990,3169.82,0004005655,2021,establishments/area_km2
13102,中央区,13,YES,YES,YES,34126,3406.86,0004005655,2021,establishments/area_km2
13103,港区,13,YES,YES,YES,41049,1968.52,0004005655,2021,establishments/area_km2
13104,新宿区,13,YES,YES,YES,33094,1815.95,0004005655,2021,establishments/area_km2
13105,文京区,13,YES,YES,YES,13761,1219.28,0004005655,2021,establishments/area_km2
13106,台東区,13,YES,YES,YES,22881,2264.03,0004005655,2021,establishments/area_km2
13107,墨田区,13,YES,YES,YES,14895,1081.53,0004005655,2021,establishments/area_km2
13108,江東区,13,YES,YES,YES,19443,439.98,0004005655,2021,establishments/area_km2
13109,品川区,13,YES,YES,YES,19897,870.76,0004005655,2021,establishments/area_km2
13110,目黒区,13,YES,YES,YES,12275,836.49,0004005655,2021,establishments/area_km2
13111,大田区,13,YES,YES,YES,28532,461.26,0004005655,2021,establishments/area_km2
13112,世田谷区,13,YES,YES,YES,27500,473.69,0004005655,2021,establishments/area_km2
13113,渋谷区,13,YES,YES,YES,33284,2202.71,0004005655,2021,establishments/area_km2
13114,中野区,13,YES,YES,YES,11962,767.07,0004005655,2021,establishments/area_km2
13115,杉並区,13,YES,YES,YES,19274,565.96,0004005655,2021,establishments/area_km2
13116,豊島区,13,YES,YES,YES,19141,1471.02,0004005655,2021,establishments/area_km2
13117,北区,13,YES,YES,YES,11709,568.15,0004005655,2021,establishments/area_km2
13118,荒川区,13,YES,YES,YES,8346,821.78,0004005655,2021,establishments/area_km2
13119,板橋区,13,YES,YES,YES,17238,534.96,0004005655,2021,establishments/area_km2
13120,練馬区,13,YES,YES,YES,20343,423.09,0004005655,2021,establishments/area_km2
13121,足立区,13,YES,YES,YES,23123,434.27,0004005655,2021,establishments/area_km2
13122,葛飾区,13,YES,YES,YES,15600,447.26,0004005655,2021,establishments/area_km2
13123,江戸川区,13,YES,YES,YES,19778,404.86,0004005655,2021,establishments/area_km2
13201,八王子市,13,YES,YES,YES,17390,93.3,0004005655,2021,establishments/area_km2
13202,立川市,13,YES,YES,YES,7692,315.76,0004005655,2021,establishments/area_km2
13203,武蔵野市,13,YES,YES,YES,7717,702.88,0004005655,2021,establishments/area_km2
13204,三鷹市,13,YES,YES,YES,4957,301.81,0004005655,2021,establishments/area_km2
13205,青梅市,13,YES,YES,YES,4243,41.07,0004005655,2021,establishments/area_km2
13206,府中市,13,YES,YES,YES,7330,249.1,0004005655,2021,establishments/area_km2
13207,昭島市,13,YES,YES,YES,3330,192.06,0004005655,2021,establishments/area_km2
13208,調布市,13,YES,YES,YES,6666,308.87,0004005655,2021,establishments/area_km2
13209,町田市,13,YES,YES,YES,11694,163.45,0004005655,2021,establishments/area_km2
13210,小金井市,13,YES,YES,YES,2866,253.73,0004005655,2021,establishments/area_km2
13211,小平市,13,YES,YES,YES,4360,212.53,0004005655,2021,establishments/area_km2
13212,日野市,13,YES,YES,YES,4309,156.43,0004005655,2021,establishments/area_km2
13213,東村山市,13,YES,YES,YES,3633,212.02,0004005655,2021,establishments/area_km2
13214,国分寺市,13,YES,YES,YES,3413,297.91,0004005655,2021,establishments/area_km2
13215,国立市,13,YES,YES,YES,2637,323.62,0004005655,2021,establishments/area_km2
13218,福生市,13,YES,YES,YES,1608,158.23,0004005655,2021,establishments/area_km2
13219,狛江市,13,YES,YES,YES,1916,300.0,0004005655,2021,establishments/area_km2
13220,東大和市,13,YES,YES,YES,2327,173.34,0004005655,2021,establishments/area_km2
13221,清瀬市,13,YES,YES,YES,1736,169.69,0004005655,2021,establishments/area_km2
13222,東久留米市,13,YES,YES,YES,3075,238.72,0004005655,2021,establishments/area_km2
13223,武蔵村山市,13,YES,YES,YES,2297,149.92,0004005655,2021,establishments/area_km2
13224,多摩市,13,YES,YES,YES,3603,171.49,0004005655,2021,establishments/area_km2
13225,稲城市,13,YES,YES,YES,2216,123.32,0004005655,2021,establishments/area_km2
13227,羽村市,13,YES,YES,YES,1783,180.07,0004005655,2021,establishments/area_km2
13228,あきる野市,13,YES,YES,YES,2191,29.82,0004005655,2021,establishments/area_km2
13229,西東京市,13,YES,YES,YES,4792,304.2,0004005655,2021,establishments/area_km2
13303,瑞穂町,13,YES,YES,YES,1655,98.24,0004005655,2021,establishments/area_km2
13305,日の出町,13,YES,YES,YES,696,24.79,0004005655,2021,establishments/area_km2
13307,檜原村,13,YES,YES,YES,167,1.58,0004005655,2021,establishments/area_km2
13308,奥多摩町,13,YES,YES,YES,242,1.07,0004005655,2021,establishments/area_km2
13361,大島町,13,YES,YES,YES,525,5.78,0004005655,2021,establishments/area_km2
13362,利島村,13,YES,YES,YES,30,7.43,0004005655,2021,establishments/area_km2
13363,新島村,13,YES,YES,YES,207,7.52,0004005655,2021,establishments/area_km2
13364,神津島村,13,YES,YES,YES,168,9.04,0004005655,2021,establishments/area_km2
13381,三宅村,13,YES,YES,YES,235,4.25,0004005655,2021,establishments/area_km2
13382,御蔵島村,13,YES,YES,YES,28,1.37,0004005655,2021,establishments/area_km2
13401,八丈町,13,YES,YES,YES,515,7.13,0004005655,2021,establishments/area_km2
13402,青ヶ島村,13,YES,YES,YES,15,2.52,0004005655,2021,establishments/area_km2
13421,小笠原村,13,YES,YES,YES,276,2.44,0004005655,2021,establishments/area_km2
14101,横浜市鶴見区,14,YES,YES,YES,8664,260.85,0004005655,2021,establishments/area_km2
14102,横浜市神奈川区,14,YES,YES,YES,8447,356.03,0004005655,2021,establishments/area_km2
14103,横浜市西区,14,YES,YES,YES,8463,1204.41,0004005655,2021,establishments/area_km2
14104,横浜市中区,14,YES,YES,YES,14632,664.69,0004005655,2021,establishments/area_km2
14105,横浜市南区,14,YES,YES,YES,5372,424.52,0004005655,2021,establishments/area_km2
14106,横浜市保土ケ谷区,14,YES,YES,YES,4888,222.87,0004005655,2021,establishments/area_km2
14107,横浜市磯子区,14,YES,YES,YES,3853,202.59,0004005655,2021,establishments/area_km2
14108,横浜市金沢区,14,YES,YES,YES,5575,180.15,0004005655,2021,establishments/area_km2
14109,横浜市港北区,14,YES,YES,YES,11584,368.89,0004005655,2021,establishments/area_km2
14110,横浜市戸塚区,14,YES,YES,YES,6064,169.41,0004005655,2021,establishments/area_km2
14111,横浜市港南区,14,YES,YES,YES,5484,275.52,0004005655,2021,establishments/area_km2
14112,横浜市旭区,14,YES,YES,YES,5181,158.29,0004005655,2021,establishments/area_km2
14113,横浜市緑区,14,YES,YES,YES,3767,147.67,0004005655,2021,establishments/area_km2
14114,横浜市瀬谷区,14,YES,YES,YES,3132,182.46,0004005655,2021,establishments/area_km2
14115,横浜市栄区,14,YES,YES,YES,2120,114.45,0004005655,2021,establishments/area_km2
14116,横浜市泉区,14,YES,YES,YES,3517,149.16,0004005655,2021,establishments/area_km2
14117,横浜市青葉区,14,YES,YES,YES,7667,217.69,0004005655,2021,establishments/area_km2
14118,横浜市都筑区,14,YES,YES,YES,8069,289.49,0004005655,2021,establishments/area_km2
14131,川崎市川崎区,14,YES,YES,YES,10362,262.41,0004005655,2021,establishments/area_km2
14132,川崎市幸区,14,YES,YES,YES,4621,461.69,0004005655,2021,establishments/area_km2
14133,川崎市中原区,14,YES,YES,YES,7091,481.06,0004005655,2021,establishments/area_km2
14134,川崎市高津区,14,YES,YES,YES,5915,361.59,0004005655,2021,establishments/area_km2
14135,川崎市多摩区,14,YES,YES,YES,4846,236.36,0004005655,2021,establishments/area_km2
14136,川崎市宮前区,14,YES,YES,YES,4723,253.82,0004005655,2021,establishments/area_km2
14137,川崎市麻生区,14,YES,YES,YES,3665,157.6,0004005655,2021,establishments/area_km2
14151,相模原市緑区,14,YES,YES,YES,5659,22.29,0004005655,2021,establishments/area_km2
14152,相模原市中央区,14,YES,YES,YES,8462,229.51,0004005655,2021,establishments/area_km2
14153,相模原市南区,14,YES,YES,YES,7465,195.88,0004005655,2021,establishments/area_km2
14201,横須賀市,14,YES,YES,YES,11677,115.84,0004005655,2021,establishments/area_km2
14203,平塚市,14,YES,YES,YES,9277,137.09,0004005655,2021,establishments/area_km2
14204,鎌倉市,14,YES,YES,YES,7137,179.96,0004005655,2021,establishments/area_km2
14205,藤沢市,14,YES,YES,YES,13164,189.24,0004005655,2021,establishments/area_km2
14206,小田原市,14,YES,YES,YES,7535,66.33,0004005655,2021,establishments/area_km2
14207,茅ヶ崎市,14,YES,YES,YES,6296,176.48,0004005655,2021,establishments/area_km2
14208,逗子市,14,YES,YES,YES,1829,105.87,0004005655,2021,establishments/area_km2
14210,三浦市,14,YES,YES,YES,1659,51.76,0004005655,2021,establishments/area_km2
14211,秦野市,14,YES,YES,YES,4343,41.86,0004005655,2021,establishments/area_km2
14212,厚木市,14,YES,YES,YES,9435,100.56,0004005655,2021,establishments/area_km2
14213,大和市,14,YES,YES,YES,6955,256.75,0004005655,2021,establishments/area_km2
14214,伊勢原市,14,YES,YES,YES,3434,61.81,0004005655,2021,establishments/area_km2
14215,海老名市,14,YES,YES,YES,4386,164.97,0004005655,2021,establishments/area_km2
14216,座間市,14,YES,YES,YES,3280,186.72,0004005655,2021,establishments/area_km2
14217,南足柄市,14,YES,YES,YES,1213,15.73,0004005655,2021,establishments/area_km2
14218,綾瀬市,14,YES,YES,YES,2787,125.87,0004005655,2021,establishments/area_km2
14301,葉山町,14,YES,YES,YES,971,56.98,0004005655,2021,establishments/area_km2
14321,寒川町,14,YES,YES,YES,1687,126.48,0004005655,2021,establishments/area_km2
14341,大磯町,14,YES,YES,YES,958,55.16,0004005655,2021,establishments/area_km2
14342,二宮町,14,YES,YES,YES,887,97.74,0004005655,2021,establishments/area_km2
14361,中井町,14,YES,YES,YES,466,23.31,0004005655,2021,establishments/area_km2
14362,大井町,14,YES,YES,YES,656,45.62,0004005655,2021,establishments/area_km2
14363,松田町,14,YES,YES,YES,511,13.54,0004005655,2021,establishments/area_km2
14364,山北町,14,YES,YES,YES,427,1.9,0004005655,2021,establishments/area_km2
14366,開成町,14,YES,YES,YES,650,99.24,0004005655,2021,establishments/area_km2
14382,箱根町,14,YES,YES,YES,1321,14.23,0004005655,2021,establishments/area_km2
14383,真鶴町,14,YES,YES,YES,293,41.58,0004005655,2021,establishments/area_km2
14384,湯河原町,14,YES,YES,YES,1138,27.78,0004005655,2021,establishments/area_km2
14401,愛川町,14,YES,YES,YES,1539,44.9,0004005655,2021,establishments/area_km2
14402,清川村,14,YES,YES,YES,126,1.77,0004005655,2021,establishments/area_km2
