confirmation_id,source_id,source_name,institution,statistics_code,survey_or_dataset_name,provider_statistic_id_or_tstat,census_year,candidate_table_title,candidate_statsDataId,official_table_search_url,official_metadata_or_catalogue_url,official_api_metadata_url,confirmation_route,confirmation_status,geographic_level,municipality_level_available,small_area_available,nationality_dimension_available,china_category_available,china_category_code,total_foreign_available,total_foreign_category_code,other_relevant_category_codes,sex_age_or_status_dimensions_present,time_period_available,candidate_time_or_reference_year,target_prefectures_covered,target_municipality_coverage_possible,small_area_coverage_possible,area_code_logic,join_key_to_N03_possible,small_area_boundary_requirement,population_variable_supported,non_chinese_foreign_construct_possible,suitable_for_main_spatial_analysis,blocking_issue,risk_level,recommended_next_action,notes
CFC_001,R02_OFF_TGT_001,Population Census of Japan (Kokusei Chosa) - foreign residents by nationality x municipality,Statistics Bureau of Japan / MIC (Soumu-sho); via e-Stat,00200521,"Reiwa 2 (2020) Kokusei Chosa, Jinko-to Kihon Shukei (Basic Complete Tabulation)",000001136464,2020 (Reiwa 2; SURVEY_DATE 202010),"Foreigners: population by sex and nationality - national, prefecture, municipality (TITLE no.44-1)",0003445244 (primary); 0003445245 (DID variant),https://www.e-stat.go.jp/stat-search/files?toukei=00200521,https://www.e-stat.go.jp/stat-search/database?toukei=00200521&tstat=000001136464,https://api.e-stat.go.jp/rest/3.0/app/json/getMetaInfo?statsDataId=0003445244,official_estat_api_metadata,statsDataId_confirmed,prefecture_and_municipality,yes,no,"yes (cat02 'kokuseki', 17 categories incl. China and foreign-total)",yes,cat02=102 (Chugoku/China),yes,cat02=1 (Gaikokujin/foreign total),cat02 nationality: 0=total(all persons); 1=foreign total; 101=Korea; 102=China; 103=Philippines; 104=Thailand; 105=Indonesia; 106=Vietnam; 107=India; 108=Nepal; 109=UK; 110=USA; 111=Brazil; 112=Peru; 113=other; 2=Japanese; 3=unknown,"sex (cat01: 0=total,1=male,2=female); age NOT in this table (see 0003445246 but area-capped)",single census year,2020 (time code 2020000000),"Tokyo(13), Saitama(11), Chiba(12), Kanagawa(14)",yes,no (nationality-by-country not at small-area),"5-digit JIS area codes; area dim n=1965 (levels: 1 national, 2 prefecture, 4/5/6 municipality/ward)",yes (5-digit JIS municipality code -> N03 gyosei kuiki code),n/a at municipality level,both_chinese_and_total_foreign,yes,yes,none for municipality construction; small-area nationality not available,low,prepare_small_metadata_test,"Confirmed via keyed e-Stat getMetaInfo (metadata only). STAT_NAME Kokusei Chosa, GOV_ORG Soumu-sho. tab=population."
CFC_002,R02_OFF_TGT_001,Chinese residents variable (Census),Statistics Bureau of Japan / MIC,00200521,Reiwa 2 Kokusei Chosa Jinko-to Kihon Shukei,000001136464,2020,China count by municipality from table 44-1,0003445244,https://www.e-stat.go.jp/stat-search/files?toukei=00200521,https://www.e-stat.go.jp/stat-search/database?toukei=00200521&tstat=000001136464,https://api.e-stat.go.jp/rest/3.0/app/json/getMetaInfo?statsDataId=0003445244,official_estat_api_metadata,municipality_nationality_confirmed,municipality,yes,no,yes,yes,cat02=102,yes (same table),cat02=1,filter cat01=0 (sex total),sex available (use total),2020,2020,"Tokyo(13), Saitama(11), Chiba(12), Kanagawa(14)",yes,no,5-digit JIS area codes,yes,n/a,chinese_residents,yes,yes,none (China discrete at municipality),low,prepare_small_metadata_test,Nationality (registration/declared in Census) not ethnicity; consistent with project definition.
CFC_003,R02_OFF_TGT_001,Total foreign residents variable (Census),Statistics Bureau of Japan / MIC,00200521,Reiwa 2 Kokusei Chosa Jinko-to Kihon Shukei,000001136464,2020,Foreign total by municipality from table 44-1,0003445244,https://www.e-stat.go.jp/stat-search/files?toukei=00200521,https://www.e-stat.go.jp/stat-search/database?toukei=00200521&tstat=000001136464,https://api.e-stat.go.jp/rest/3.0/app/json/getMetaInfo?statsDataId=0003445244,official_estat_api_metadata,municipality_nationality_confirmed,municipality,yes,no,yes,yes,cat02=102,yes,cat02=1 (Gaikokujin),"note: cat02=0 is all persons (Japanese+foreign+unknown), NOT foreign total; use code 1 for foreign",sex available (use total),2020,2020,"Tokyo(13), Saitama(11), Chiba(12), Kanagawa(14)",yes,no,5-digit JIS area codes,yes,n/a,total_foreign_residents,yes,yes,"ensure foreign-total uses code 1, not the all-persons total (code 0)",low,prepare_small_metadata_test,Foreign total (code 1) is the comparator denominator base.
CFC_004,R02_OFF_TGT_001,Non-Chinese foreign residents construction (Census),Statistics Bureau of Japan / MIC,00200521,Reiwa 2 Kokusei Chosa Jinko-to Kihon Shukei,000001136464,2020,derived: foreign total (1) minus China (102) per municipality,"0003445244 (single table, both terms)",https://www.e-stat.go.jp/stat-search/files?toukei=00200521,https://www.e-stat.go.jp/stat-search/database?toukei=00200521&tstat=000001136464,https://api.e-stat.go.jp/rest/3.0/app/json/getMetaInfo?statsDataId=0003445244,official_estat_api_metadata,statsDataId_confirmed,municipality,yes,no,yes,yes,cat02=102,yes,cat02=1,both terms from same table/year/area -> clean subtraction,sex total,2020,2020,"Tokyo(13), Saitama(11), Chiba(12), Kanagawa(14)",yes,no,5-digit JIS area codes,yes,n/a,both_chinese_and_total_foreign,yes,yes,"none; both terms share table 0003445244, year 2020, municipality unit",low,prepare_small_metadata_test,non_chinese_foreign = cat02(1) - cat02(102); avoids Chinese-vs-all-foreigners double count.
CFC_005,R02_OFF_TGT_001,Municipality geography and area coverage (Census),Statistics Bureau of Japan / MIC,00200521,Reiwa 2 Kokusei Chosa Jinko-to Kihon Shukei,000001136464,2020,area dimension of table 44-1,0003445244,https://www.e-stat.go.jp/stat-search/files?toukei=00200521,https://www.e-stat.go.jp/stat-search/database?toukei=00200521&tstat=000001136464,https://api.e-stat.go.jp/rest/3.0/app/json/getMetaInfo?statsDataId=0003445244,official_estat_api_metadata,municipality_nationality_confirmed,prefecture_and_municipality,yes,no,yes,yes,cat02=102,yes,cat02=1,area dim n=1965,n/a,2020,2020,"Tokyo(13), Saitama(11), Chiba(12), Kanagawa(14)",yes (special wards + designated-city wards + cities/towns/villages),no,"levels: 1=national(1), 2=prefecture(47), 4/5/6=municipality-scale; Tokyo 23 special wards level 4 (e.g. 13101); designated-city wards level 5 (e.g. 14101)",yes (5-digit JIS == N03 gyosei kuiki code),n/a at municipality,both_chinese_and_total_foreign,yes,yes,decide designated-city ward vs whole-city aggregation; normalize special wards consistently with N03 vintage,low,inspect_area_codes_next,"Verified sample codes: 13101 Chiyoda-ku, 11201 Kawagoe-shi, 12101 Chiba-shi Chuo-ku, 14101 Yokohama-shi Tsurumi-ku."
CFC_006,R02_OFF_TGT_001,Small-area nationality feasibility (Census),Statistics Bureau of Japan / MIC,00200521,Reiwa 2 Kokusei Chosa (shochiiki),small-area tabulation (separate),2020,small-area (chocho-aza) nationality-by-country - not evident,none (nationality-by-country not found at small-area),https://www.e-stat.go.jp/stat-search/files?toukei=00200521,https://www.e-stat.go.jp/stat-search/database?toukei=00200521&tstat=000001136464,"https://api.e-stat.go.jp/rest/3.0/app/json/getStatsList?statsCode=00200521 (appId via env, omitted)",official_estat_api_metadata,small_area_nationality_not_evident,small_area,yes,partial,country-detail nationality stops at municipality/DID; not evident at chocho-aza,not_evident_at_small_area,n/a at small-area,possibly foreign-total only at small-area (not confirmed by-country),n/a (by-country),n/a,n/a,2020,2020,"Tokyo(13), Saitama(11), Chiba(12), Kanagawa(14)",yes (municipality is the finest by-country unit),not_evident_for_nationality_by_country,small-area uses chocho-aza codes,"no (small-area needs Census small-area boundary, not N03)",Census small-area (chocho-aza) boundary layer required if pursued,parameter_unclear,unclear_hold,unclear_hold,nationality-by-country at small-area not found in keyed metadata; municipality is the finest feasible unit for Chinese,medium,inspect_small_area_boundary_next,Recorded as not evident (not proven unavailable). Municipality should be the main analysis unit.
CFC_007,R02_OFF_TGT_001,Area-code and join-key logic (Census municipality),Statistics Bureau of Japan / MIC,00200521,Reiwa 2 Kokusei Chosa,000001136464,2020,municipality code join plan to NLNI N03,0003445244,https://www.e-stat.go.jp/stat-search/files?toukei=00200521,https://www.e-stat.go.jp/stat-search/database?toukei=00200521&tstat=000001136464,https://api.e-stat.go.jp/rest/3.0/app/json/getMetaInfo?statsDataId=0003445244,mixed_official_metadata,statsDataId_confirmed,municipality,yes,no,yes,yes,cat02=102,yes,cat02=1,n/a,n/a,2020,2020 (align to N03 vintage),"Tokyo(13), Saitama(11), Chiba(12), Kanagawa(14)",yes,no,Census area code = 5-digit JIS X 0402; Tokyo special wards 131xx; designated-city wards have own codes,yes (direct 5-digit code match; verify 2020 Census vs N03 2023 boundary changes for any merged municipalities),n/a,both_chinese_and_total_foreign,yes,yes,reconcile 2020 Census municipality set with N03 vintage; decide ward vs city aggregation for designated cities,low,inspect_area_codes_next,Census codes verified joinable to N03 (5-digit JIS). Choose N03 vintage close to 2020 if available.
CFC_008,R02_OFF_TGT_001,Variant tables (age/DID) note,Statistics Bureau of Japan / MIC,00200521,Reiwa 2 Kokusei Chosa Jinko-to Kihon Shukei,000001136464,2020,"0003445245 (DID variant); 0003445246 (sex x age x nationality, area-capped at 21 large cities)",0003445245; 0003445246,https://www.e-stat.go.jp/stat-search/files?toukei=00200521,https://www.e-stat.go.jp/stat-search/database?toukei=00200521&tstat=000001136464,"https://api.e-stat.go.jp/rest/3.0/app/json/getMetaInfo?statsDataId=0003445246 (appId via env, omitted)",official_estat_api_metadata,statsDataId_candidate_confirmed,prefecture_and_municipality,0003445245 yes (DID); 0003445246 capped at 21 large cities (no full municipality),no,yes (17 cats incl China 102),yes,cat02=102,yes,cat02=1,0003445246 adds age (5-year) but area-capped,age available only in area-capped table 0003445246,2020,2020,"Tokyo(13), Saitama(11), Chiba(12), Kanagawa(14)",0003445244 is the full-municipality source,no,5-digit JIS,yes (for 0003445244/0003445245),n/a,both_chinese_and_total_foreign,yes,partial,age x nationality not available at full municipality (only 21 large cities); use 0003445244 (no age) for municipality model,low,inspect_fields_before_download,"If age-by-nationality is needed at municipality, it is not available; sex-total counts are."
CFC_009,R02_OFF_TGT_001,Final Census suitability decision,Statistics Bureau of Japan / MIC; ISA (cross-check),00200521 (main) + 00250012 (ISA prefecture cross-check),Census 0003445244 main municipality source; ISA 00250012 prefecture cross-check,000001136464 (Census),2020,decision row,0003445244,https://www.e-stat.go.jp/stat-search/files?toukei=00200521,https://www.e-stat.go.jp/stat-search/database?toukei=00200521&tstat=000001136464,https://api.e-stat.go.jp/rest/3.0/app/json/getMetaInfo?statsDataId=0003445244,mixed_official_metadata,statsDataId_confirmed,municipality,yes,no,yes,yes,cat02=102,yes,cat02=1,n/a,sex (total usable),2020,2020,"Tokyo(13), Saitama(11), Chiba(12), Kanagawa(14)",yes,no,5-digit JIS,yes,n/a (municipality is main unit),both_chinese_and_total_foreign,yes,yes,none for municipality main source; small-area optional and not evident,low,use_municipality_level_main_source,DECISION: Census 2020 table 0003445244 (statsCode 00200521) = MAIN municipality source for Chinese/total/non-Chinese. ISA 00250012 = prefecture cross-check only. Next: small metadata test scaffold.
