area_id,source_id,source_name,statistics_code,provider_statistic_id_or_tstat,statsDataId,census_year,cdTime,prefecture_name,prefecture_code,municipality_code,municipality_name,municipality_type,area_dimension_source,area_code_confirmed,included_in_target_scope,is_special_ward,is_designated_city_ward,is_city,is_town,is_village,expected_join_key_to_N03,join_key_status,leading_zero_required,normalization_needed,notes
AC_0001,R02_OFF_TGT_001,Population Census of Japan (Kokusei Chosa) 2020 Basic Complete Tabulation,00200521,000001136464,0003445244,2020,2020000000,Saitama,11,11000,埼玉県,prefecture_total,e-Stat getMetaInfo area dimension (metadata only; no values retrieved),yes,no,false,false,false,false,false,11000,not_applicable,no,no,prefecture total row; not a municipality; excluded from target
AC_0002,R02_OFF_TGT_001,Population Census of Japan (Kokusei Chosa) 2020 Basic Complete Tabulation,00200521,000001136464,0003445244,2020,2020000000,Saitama,11,11100,さいたま市,designated_city_parent,e-Stat getMetaInfo area dimension (metadata only; no values retrieved),yes,no,false,false,false,false,false,11100,not_applicable,no,no,designated-city parent aggregate; excluded to avoid double count; use its wards
AC_0003,R02_OFF_TGT_001,Population Census of Japan (Kokusei Chosa) 2020 Basic Complete Tabulation,00200521,000001136464,0003445244,2020,2020000000,Saitama,11,11101,さいたま市西区,designated_city_ward,e-Stat getMetaInfo area dimension (metadata only; no values retrieved),yes,yes,false,true,false,false,false,11101,expected_direct_5digit_join,no,no,standard 5-digit JIS municipality code
AC_0004,R02_OFF_TGT_001,Population Census of Japan (Kokusei Chosa) 2020 Basic Complete Tabulation,00200521,000001136464,0003445244,2020,2020000000,Saitama,11,11102,さいたま市北区,designated_city_ward,e-Stat getMetaInfo area dimension (metadata only; no values retrieved),yes,yes,false,true,false,false,false,11102,expected_direct_5digit_join,no,no,standard 5-digit JIS municipality code
AC_0005,R02_OFF_TGT_001,Population Census of Japan (Kokusei Chosa) 2020 Basic Complete Tabulation,00200521,000001136464,0003445244,2020,2020000000,Saitama,11,11103,さいたま市大宮区,designated_city_ward,e-Stat getMetaInfo area dimension (metadata only; no values retrieved),yes,yes,false,true,false,false,false,11103,expected_direct_5digit_join,no,no,standard 5-digit JIS municipality code
AC_0006,R02_OFF_TGT_001,Population Census of Japan (Kokusei Chosa) 2020 Basic Complete Tabulation,00200521,000001136464,0003445244,2020,2020000000,Saitama,11,11104,さいたま市見沼区,designated_city_ward,e-Stat getMetaInfo area dimension (metadata only; no values retrieved),yes,yes,false,true,false,false,false,11104,expected_direct_5digit_join,no,no,standard 5-digit JIS municipality code
AC_0007,R02_OFF_TGT_001,Population Census of Japan (Kokusei Chosa) 2020 Basic Complete Tabulation,00200521,000001136464,0003445244,2020,2020000000,Saitama,11,11105,さいたま市中央区,designated_city_ward,e-Stat getMetaInfo area dimension (metadata only; no values retrieved),yes,yes,false,true,false,false,false,11105,expected_direct_5digit_join,no,no,standard 5-digit JIS municipality code
AC_0008,R02_OFF_TGT_001,Population Census of Japan (Kokusei Chosa) 2020 Basic Complete Tabulation,00200521,000001136464,0003445244,2020,2020000000,Saitama,11,11106,さいたま市桜区,designated_city_ward,e-Stat getMetaInfo area dimension (metadata only; no values retrieved),yes,yes,false,true,false,false,false,11106,expected_direct_5digit_join,no,no,standard 5-digit JIS municipality code
AC_0009,R02_OFF_TGT_001,Population Census of Japan (Kokusei Chosa) 2020 Basic Complete Tabulation,00200521,000001136464,0003445244,2020,2020000000,Saitama,11,11107,さいたま市浦和区,designated_city_ward,e-Stat getMetaInfo area dimension (metadata only; no values retrieved),yes,yes,false,true,false,false,false,11107,expected_direct_5digit_join,no,no,standard 5-digit JIS municipality code
AC_0010,R02_OFF_TGT_001,Population Census of Japan (Kokusei Chosa) 2020 Basic Complete Tabulation,00200521,000001136464,0003445244,2020,2020000000,Saitama,11,11108,さいたま市南区,designated_city_ward,e-Stat getMetaInfo area dimension (metadata only; no values retrieved),yes,yes,false,true,false,false,false,11108,expected_direct_5digit_join,no,no,standard 5-digit JIS municipality code
AC_0011,R02_OFF_TGT_001,Population Census of Japan (Kokusei Chosa) 2020 Basic Complete Tabulation,00200521,000001136464,0003445244,2020,2020000000,Saitama,11,11109,さいたま市緑区,designated_city_ward,e-Stat getMetaInfo area dimension (metadata only; no values retrieved),yes,yes,false,true,false,false,false,11109,expected_direct_5digit_join,no,no,standard 5-digit JIS municipality code
AC_0012,R02_OFF_TGT_001,Population Census of Japan (Kokusei Chosa) 2020 Basic Complete Tabulation,00200521,000001136464,0003445244,2020,2020000000,Saitama,11,11110,さいたま市岩槻区,designated_city_ward,e-Stat getMetaInfo area dimension (metadata only; no values retrieved),yes,yes,false,true,false,false,false,11110,expected_direct_5digit_join,no,no,standard 5-digit JIS municipality code
AC_0013,R02_OFF_TGT_001,Population Census of Japan (Kokusei Chosa) 2020 Basic Complete Tabulation,00200521,000001136464,0003445244,2020,2020000000,Saitama,11,11201,川越市,city,e-Stat getMetaInfo area dimension (metadata only; no values retrieved),yes,yes,false,false,true,false,false,11201,expected_direct_5digit_join,no,no,standard 5-digit JIS municipality code
AC_0014,R02_OFF_TGT_001,Population Census of Japan (Kokusei Chosa) 2020 Basic Complete Tabulation,00200521,000001136464,0003445244,2020,2020000000,Saitama,11,11202,熊谷市,city,e-Stat getMetaInfo area dimension (metadata only; no values retrieved),yes,yes,false,false,true,false,false,11202,expected_direct_5digit_join,no,no,standard 5-digit JIS municipality code
AC_0015,R02_OFF_TGT_001,Population Census of Japan (Kokusei Chosa) 2020 Basic Complete Tabulation,00200521,000001136464,0003445244,2020,2020000000,Saitama,11,11203,川口市,city,e-Stat getMetaInfo area dimension (metadata only; no values retrieved),yes,yes,false,false,true,false,false,11203,expected_direct_5digit_join,no,no,standard 5-digit JIS municipality code
AC_0016,R02_OFF_TGT_001,Population Census of Japan (Kokusei Chosa) 2020 Basic Complete Tabulation,00200521,000001136464,0003445244,2020,2020000000,Saitama,11,11206,行田市,city,e-Stat getMetaInfo area dimension (metadata only; no values retrieved),yes,yes,false,false,true,false,false,11206,expected_direct_5digit_join,no,no,standard 5-digit JIS municipality code
AC_0017,R02_OFF_TGT_001,Population Census of Japan (Kokusei Chosa) 2020 Basic Complete Tabulation,00200521,000001136464,0003445244,2020,2020000000,Saitama,11,11207,秩父市,city,e-Stat getMetaInfo area dimension (metadata only; no values retrieved),yes,yes,false,false,true,false,false,11207,expected_direct_5digit_join,no,no,standard 5-digit JIS municipality code
AC_0018,R02_OFF_TGT_001,Population Census of Japan (Kokusei Chosa) 2020 Basic Complete Tabulation,00200521,000001136464,0003445244,2020,2020000000,Saitama,11,11208,所沢市,city,e-Stat getMetaInfo area dimension (metadata only; no values retrieved),yes,yes,false,false,true,false,false,11208,expected_direct_5digit_join,no,no,standard 5-digit JIS municipality code
AC_0019,R02_OFF_TGT_001,Population Census of Japan (Kokusei Chosa) 2020 Basic Complete Tabulation,00200521,000001136464,0003445244,2020,2020000000,Saitama,11,11209,飯能市,city,e-Stat getMetaInfo area dimension (metadata only; no values retrieved),yes,yes,false,false,true,false,false,11209,expected_direct_5digit_join,no,no,standard 5-digit JIS municipality code
AC_0020,R02_OFF_TGT_001,Population Census of Japan (Kokusei Chosa) 2020 Basic Complete Tabulation,00200521,000001136464,0003445244,2020,2020000000,Saitama,11,11210,加須市,city,e-Stat getMetaInfo area dimension (metadata only; no values retrieved),yes,yes,false,false,true,false,false,11210,expected_direct_5digit_join,no,no,standard 5-digit JIS municipality code
AC_0021,R02_OFF_TGT_001,Population Census of Japan (Kokusei Chosa) 2020 Basic Complete Tabulation,00200521,000001136464,0003445244,2020,2020000000,Saitama,11,11211,本庄市,city,e-Stat getMetaInfo area dimension (metadata only; no values retrieved),yes,yes,false,false,true,false,false,11211,expected_direct_5digit_join,no,no,standard 5-digit JIS municipality code
AC_0022,R02_OFF_TGT_001,Population Census of Japan (Kokusei Chosa) 2020 Basic Complete Tabulation,00200521,000001136464,0003445244,2020,2020000000,Saitama,11,11212,東松山市,city,e-Stat getMetaInfo area dimension (metadata only; no values retrieved),yes,yes,false,false,true,false,false,11212,expected_direct_5digit_join,no,no,standard 5-digit JIS municipality code
AC_0023,R02_OFF_TGT_001,Population Census of Japan (Kokusei Chosa) 2020 Basic Complete Tabulation,00200521,000001136464,0003445244,2020,2020000000,Saitama,11,11214,春日部市,city,e-Stat getMetaInfo area dimension (metadata only; no values retrieved),yes,yes,false,false,true,false,false,11214,expected_direct_5digit_join,no,no,standard 5-digit JIS municipality code
AC_0024,R02_OFF_TGT_001,Population Census of Japan (Kokusei Chosa) 2020 Basic Complete Tabulation,00200521,000001136464,0003445244,2020,2020000000,Saitama,11,11215,狭山市,city,e-Stat getMetaInfo area dimension (metadata only; no values retrieved),yes,yes,false,false,true,false,false,11215,expected_direct_5digit_join,no,no,standard 5-digit JIS municipality code
AC_0025,R02_OFF_TGT_001,Population Census of Japan (Kokusei Chosa) 2020 Basic Complete Tabulation,00200521,000001136464,0003445244,2020,2020000000,Saitama,11,11216,羽生市,city,e-Stat getMetaInfo area dimension (metadata only; no values retrieved),yes,yes,false,false,true,false,false,11216,expected_direct_5digit_join,no,no,standard 5-digit JIS municipality code
AC_0026,R02_OFF_TGT_001,Population Census of Japan (Kokusei Chosa) 2020 Basic Complete Tabulation,00200521,000001136464,0003445244,2020,2020000000,Saitama,11,11217,鴻巣市,city,e-Stat getMetaInfo area dimension (metadata only; no values retrieved),yes,yes,false,false,true,false,false,11217,expected_direct_5digit_join,no,no,standard 5-digit JIS municipality code
AC_0027,R02_OFF_TGT_001,Population Census of Japan (Kokusei Chosa) 2020 Basic Complete Tabulation,00200521,000001136464,0003445244,2020,2020000000,Saitama,11,11218,深谷市,city,e-Stat getMetaInfo area dimension (metadata only; no values retrieved),yes,yes,false,false,true,false,false,11218,expected_direct_5digit_join,no,no,standard 5-digit JIS municipality code
AC_0028,R02_OFF_TGT_001,Population Census of Japan (Kokusei Chosa) 2020 Basic Complete Tabulation,00200521,000001136464,0003445244,2020,2020000000,Saitama,11,11219,上尾市,city,e-Stat getMetaInfo area dimension (metadata only; no values retrieved),yes,yes,false,false,true,false,false,11219,expected_direct_5digit_join,no,no,standard 5-digit JIS municipality code
AC_0029,R02_OFF_TGT_001,Population Census of Japan (Kokusei Chosa) 2020 Basic Complete Tabulation,00200521,000001136464,0003445244,2020,2020000000,Saitama,11,11221,草加市,city,e-Stat getMetaInfo area dimension (metadata only; no values retrieved),yes,yes,false,false,true,false,false,11221,expected_direct_5digit_join,no,no,standard 5-digit JIS municipality code
AC_0030,R02_OFF_TGT_001,Population Census of Japan (Kokusei Chosa) 2020 Basic Complete Tabulation,00200521,000001136464,0003445244,2020,2020000000,Saitama,11,11222,越谷市,city,e-Stat getMetaInfo area dimension (metadata only; no values retrieved),yes,yes,false,false,true,false,false,11222,expected_direct_5digit_join,no,no,standard 5-digit JIS municipality code
AC_0031,R02_OFF_TGT_001,Population Census of Japan (Kokusei Chosa) 2020 Basic Complete Tabulation,00200521,000001136464,0003445244,2020,2020000000,Saitama,11,11223,蕨市,city,e-Stat getMetaInfo area dimension (metadata only; no values retrieved),yes,yes,false,false,true,false,false,11223,expected_direct_5digit_join,no,no,standard 5-digit JIS municipality code
AC_0032,R02_OFF_TGT_001,Population Census of Japan (Kokusei Chosa) 2020 Basic Complete Tabulation,00200521,000001136464,0003445244,2020,2020000000,Saitama,11,11224,戸田市,city,e-Stat getMetaInfo area dimension (metadata only; no values retrieved),yes,yes,false,false,true,false,false,11224,expected_direct_5digit_join,no,no,standard 5-digit JIS municipality code
AC_0033,R02_OFF_TGT_001,Population Census of Japan (Kokusei Chosa) 2020 Basic Complete Tabulation,00200521,000001136464,0003445244,2020,2020000000,Saitama,11,11225,入間市,city,e-Stat getMetaInfo area dimension (metadata only; no values retrieved),yes,yes,false,false,true,false,false,11225,expected_direct_5digit_join,no,no,standard 5-digit JIS municipality code
AC_0034,R02_OFF_TGT_001,Population Census of Japan (Kokusei Chosa) 2020 Basic Complete Tabulation,00200521,000001136464,0003445244,2020,2020000000,Saitama,11,11227,朝霞市,city,e-Stat getMetaInfo area dimension (metadata only; no values retrieved),yes,yes,false,false,true,false,false,11227,expected_direct_5digit_join,no,no,standard 5-digit JIS municipality code
AC_0035,R02_OFF_TGT_001,Population Census of Japan (Kokusei Chosa) 2020 Basic Complete Tabulation,00200521,000001136464,0003445244,2020,2020000000,Saitama,11,11228,志木市,city,e-Stat getMetaInfo area dimension (metadata only; no values retrieved),yes,yes,false,false,true,false,false,11228,expected_direct_5digit_join,no,no,standard 5-digit JIS municipality code
AC_0036,R02_OFF_TGT_001,Population Census of Japan (Kokusei Chosa) 2020 Basic Complete Tabulation,00200521,000001136464,0003445244,2020,2020000000,Saitama,11,11229,和光市,city,e-Stat getMetaInfo area dimension (metadata only; no values retrieved),yes,yes,false,false,true,false,false,11229,expected_direct_5digit_join,no,no,standard 5-digit JIS municipality code
AC_0037,R02_OFF_TGT_001,Population Census of Japan (Kokusei Chosa) 2020 Basic Complete Tabulation,00200521,000001136464,0003445244,2020,2020000000,Saitama,11,11230,新座市,city,e-Stat getMetaInfo area dimension (metadata only; no values retrieved),yes,yes,false,false,true,false,false,11230,expected_direct_5digit_join,no,no,standard 5-digit JIS municipality code
AC_0038,R02_OFF_TGT_001,Population Census of Japan (Kokusei Chosa) 2020 Basic Complete Tabulation,00200521,000001136464,0003445244,2020,2020000000,Saitama,11,11231,桶川市,city,e-Stat getMetaInfo area dimension (metadata only; no values retrieved),yes,yes,false,false,true,false,false,11231,expected_direct_5digit_join,no,no,standard 5-digit JIS municipality code
AC_0039,R02_OFF_TGT_001,Population Census of Japan (Kokusei Chosa) 2020 Basic Complete Tabulation,00200521,000001136464,0003445244,2020,2020000000,Saitama,11,11232,久喜市,city,e-Stat getMetaInfo area dimension (metadata only; no values retrieved),yes,yes,false,false,true,false,false,11232,expected_direct_5digit_join,no,no,standard 5-digit JIS municipality code
AC_0040,R02_OFF_TGT_001,Population Census of Japan (Kokusei Chosa) 2020 Basic Complete Tabulation,00200521,000001136464,0003445244,2020,2020000000,Saitama,11,11233,北本市,city,e-Stat getMetaInfo area dimension (metadata only; no values retrieved),yes,yes,false,false,true,false,false,11233,expected_direct_5digit_join,no,no,standard 5-digit JIS municipality code
AC_0041,R02_OFF_TGT_001,Population Census of Japan (Kokusei Chosa) 2020 Basic Complete Tabulation,00200521,000001136464,0003445244,2020,2020000000,Saitama,11,11234,八潮市,city,e-Stat getMetaInfo area dimension (metadata only; no values retrieved),yes,yes,false,false,true,false,false,11234,expected_direct_5digit_join,no,no,standard 5-digit JIS municipality code
AC_0042,R02_OFF_TGT_001,Population Census of Japan (Kokusei Chosa) 2020 Basic Complete Tabulation,00200521,000001136464,0003445244,2020,2020000000,Saitama,11,11235,富士見市,city,e-Stat getMetaInfo area dimension (metadata only; no values retrieved),yes,yes,false,false,true,false,false,11235,expected_direct_5digit_join,no,no,standard 5-digit JIS municipality code
AC_0043,R02_OFF_TGT_001,Population Census of Japan (Kokusei Chosa) 2020 Basic Complete Tabulation,00200521,000001136464,0003445244,2020,2020000000,Saitama,11,11237,三郷市,city,e-Stat getMetaInfo area dimension (metadata only; no values retrieved),yes,yes,false,false,true,false,false,11237,expected_direct_5digit_join,no,no,standard 5-digit JIS municipality code
AC_0044,R02_OFF_TGT_001,Population Census of Japan (Kokusei Chosa) 2020 Basic Complete Tabulation,00200521,000001136464,0003445244,2020,2020000000,Saitama,11,11238,蓮田市,city,e-Stat getMetaInfo area dimension (metadata only; no values retrieved),yes,yes,false,false,true,false,false,11238,expected_direct_5digit_join,no,no,standard 5-digit JIS municipality code
AC_0045,R02_OFF_TGT_001,Population Census of Japan (Kokusei Chosa) 2020 Basic Complete Tabulation,00200521,000001136464,0003445244,2020,2020000000,Saitama,11,11239,坂戸市,city,e-Stat getMetaInfo area dimension (metadata only; no values retrieved),yes,yes,false,false,true,false,false,11239,expected_direct_5digit_join,no,no,standard 5-digit JIS municipality code
AC_0046,R02_OFF_TGT_001,Population Census of Japan (Kokusei Chosa) 2020 Basic Complete Tabulation,00200521,000001136464,0003445244,2020,2020000000,Saitama,11,11240,幸手市,city,e-Stat getMetaInfo area dimension (metadata only; no values retrieved),yes,yes,false,false,true,false,false,11240,expected_direct_5digit_join,no,no,standard 5-digit JIS municipality code
AC_0047,R02_OFF_TGT_001,Population Census of Japan (Kokusei Chosa) 2020 Basic Complete Tabulation,00200521,000001136464,0003445244,2020,2020000000,Saitama,11,11241,鶴ヶ島市,city,e-Stat getMetaInfo area dimension (metadata only; no values retrieved),yes,yes,false,false,true,false,false,11241,expected_direct_5digit_join,no,no,standard 5-digit JIS municipality code
AC_0048,R02_OFF_TGT_001,Population Census of Japan (Kokusei Chosa) 2020 Basic Complete Tabulation,00200521,000001136464,0003445244,2020,2020000000,Saitama,11,11242,日高市,city,e-Stat getMetaInfo area dimension (metadata only; no values retrieved),yes,yes,false,false,true,false,false,11242,expected_direct_5digit_join,no,no,standard 5-digit JIS municipality code
AC_0049,R02_OFF_TGT_001,Population Census of Japan (Kokusei Chosa) 2020 Basic Complete Tabulation,00200521,000001136464,0003445244,2020,2020000000,Saitama,11,11243,吉川市,city,e-Stat getMetaInfo area dimension (metadata only; no values retrieved),yes,yes,false,false,true,false,false,11243,expected_direct_5digit_join,no,no,standard 5-digit JIS municipality code
AC_0050,R02_OFF_TGT_001,Population Census of Japan (Kokusei Chosa) 2020 Basic Complete Tabulation,00200521,000001136464,0003445244,2020,2020000000,Saitama,11,11245,ふじみ野市,city,e-Stat getMetaInfo area dimension (metadata only; no values retrieved),yes,yes,false,false,true,false,false,11245,expected_direct_5digit_join,no,no,standard 5-digit JIS municipality code
AC_0051,R02_OFF_TGT_001,Population Census of Japan (Kokusei Chosa) 2020 Basic Complete Tabulation,00200521,000001136464,0003445244,2020,2020000000,Saitama,11,11246,白岡市,city,e-Stat getMetaInfo area dimension (metadata only; no values retrieved),yes,yes,false,false,true,false,false,11246,expected_direct_5digit_join,no,no,standard 5-digit JIS municipality code
AC_0052,R02_OFF_TGT_001,Population Census of Japan (Kokusei Chosa) 2020 Basic Complete Tabulation,00200521,000001136464,0003445244,2020,2020000000,Saitama,11,11301,伊奈町,town,e-Stat getMetaInfo area dimension (metadata only; no values retrieved),yes,yes,false,false,false,true,false,11301,expected_direct_5digit_join,no,no,standard 5-digit JIS municipality code
AC_0053,R02_OFF_TGT_001,Population Census of Japan (Kokusei Chosa) 2020 Basic Complete Tabulation,00200521,000001136464,0003445244,2020,2020000000,Saitama,11,11324,三芳町,town,e-Stat getMetaInfo area dimension (metadata only; no values retrieved),yes,yes,false,false,false,true,false,11324,expected_direct_5digit_join,no,no,standard 5-digit JIS municipality code
AC_0054,R02_OFF_TGT_001,Population Census of Japan (Kokusei Chosa) 2020 Basic Complete Tabulation,00200521,000001136464,0003445244,2020,2020000000,Saitama,11,11326,毛呂山町,town,e-Stat getMetaInfo area dimension (metadata only; no values retrieved),yes,yes,false,false,false,true,false,11326,expected_direct_5digit_join,no,no,standard 5-digit JIS municipality code
AC_0055,R02_OFF_TGT_001,Population Census of Japan (Kokusei Chosa) 2020 Basic Complete Tabulation,00200521,000001136464,0003445244,2020,2020000000,Saitama,11,11327,越生町,town,e-Stat getMetaInfo area dimension (metadata only; no values retrieved),yes,yes,false,false,false,true,false,11327,expected_direct_5digit_join,no,no,standard 5-digit JIS municipality code
AC_0056,R02_OFF_TGT_001,Population Census of Japan (Kokusei Chosa) 2020 Basic Complete Tabulation,00200521,000001136464,0003445244,2020,2020000000,Saitama,11,11341,滑川町,town,e-Stat getMetaInfo area dimension (metadata only; no values retrieved),yes,yes,false,false,false,true,false,11341,expected_direct_5digit_join,no,no,standard 5-digit JIS municipality code
AC_0057,R02_OFF_TGT_001,Population Census of Japan (Kokusei Chosa) 2020 Basic Complete Tabulation,00200521,000001136464,0003445244,2020,2020000000,Saitama,11,11342,嵐山町,town,e-Stat getMetaInfo area dimension (metadata only; no values retrieved),yes,yes,false,false,false,true,false,11342,expected_direct_5digit_join,no,no,standard 5-digit JIS municipality code
AC_0058,R02_OFF_TGT_001,Population Census of Japan (Kokusei Chosa) 2020 Basic Complete Tabulation,00200521,000001136464,0003445244,2020,2020000000,Saitama,11,11343,小川町,town,e-Stat getMetaInfo area dimension (metadata only; no values retrieved),yes,yes,false,false,false,true,false,11343,expected_direct_5digit_join,no,no,standard 5-digit JIS municipality code
AC_0059,R02_OFF_TGT_001,Population Census of Japan (Kokusei Chosa) 2020 Basic Complete Tabulation,00200521,000001136464,0003445244,2020,2020000000,Saitama,11,11346,川島町,town,e-Stat getMetaInfo area dimension (metadata only; no values retrieved),yes,yes,false,false,false,true,false,11346,expected_direct_5digit_join,no,no,standard 5-digit JIS municipality code
AC_0060,R02_OFF_TGT_001,Population Census of Japan (Kokusei Chosa) 2020 Basic Complete Tabulation,00200521,000001136464,0003445244,2020,2020000000,Saitama,11,11347,吉見町,town,e-Stat getMetaInfo area dimension (metadata only; no values retrieved),yes,yes,false,false,false,true,false,11347,expected_direct_5digit_join,no,no,standard 5-digit JIS municipality code
AC_0061,R02_OFF_TGT_001,Population Census of Japan (Kokusei Chosa) 2020 Basic Complete Tabulation,00200521,000001136464,0003445244,2020,2020000000,Saitama,11,11348,鳩山町,town,e-Stat getMetaInfo area dimension (metadata only; no values retrieved),yes,yes,false,false,false,true,false,11348,expected_direct_5digit_join,no,no,standard 5-digit JIS municipality code
AC_0062,R02_OFF_TGT_001,Population Census of Japan (Kokusei Chosa) 2020 Basic Complete Tabulation,00200521,000001136464,0003445244,2020,2020000000,Saitama,11,11349,ときがわ町,town,e-Stat getMetaInfo area dimension (metadata only; no values retrieved),yes,yes,false,false,false,true,false,11349,expected_direct_5digit_join,no,no,standard 5-digit JIS municipality code
AC_0063,R02_OFF_TGT_001,Population Census of Japan (Kokusei Chosa) 2020 Basic Complete Tabulation,00200521,000001136464,0003445244,2020,2020000000,Saitama,11,11361,横瀬町,town,e-Stat getMetaInfo area dimension (metadata only; no values retrieved),yes,yes,false,false,false,true,false,11361,expected_direct_5digit_join,no,no,standard 5-digit JIS municipality code
AC_0064,R02_OFF_TGT_001,Population Census of Japan (Kokusei Chosa) 2020 Basic Complete Tabulation,00200521,000001136464,0003445244,2020,2020000000,Saitama,11,11362,皆野町,town,e-Stat getMetaInfo area dimension (metadata only; no values retrieved),yes,yes,false,false,false,true,false,11362,expected_direct_5digit_join,no,no,standard 5-digit JIS municipality code
AC_0065,R02_OFF_TGT_001,Population Census of Japan (Kokusei Chosa) 2020 Basic Complete Tabulation,00200521,000001136464,0003445244,2020,2020000000,Saitama,11,11363,長瀞町,town,e-Stat getMetaInfo area dimension (metadata only; no values retrieved),yes,yes,false,false,false,true,false,11363,expected_direct_5digit_join,no,no,standard 5-digit JIS municipality code
AC_0066,R02_OFF_TGT_001,Population Census of Japan (Kokusei Chosa) 2020 Basic Complete Tabulation,00200521,000001136464,0003445244,2020,2020000000,Saitama,11,11365,小鹿野町,town,e-Stat getMetaInfo area dimension (metadata only; no values retrieved),yes,yes,false,false,false,true,false,11365,expected_direct_5digit_join,no,no,standard 5-digit JIS municipality code
AC_0067,R02_OFF_TGT_001,Population Census of Japan (Kokusei Chosa) 2020 Basic Complete Tabulation,00200521,000001136464,0003445244,2020,2020000000,Saitama,11,11369,東秩父村,village,e-Stat getMetaInfo area dimension (metadata only; no values retrieved),yes,yes,false,false,false,false,true,11369,expected_direct_5digit_join,no,no,standard 5-digit JIS municipality code
AC_0068,R02_OFF_TGT_001,Population Census of Japan (Kokusei Chosa) 2020 Basic Complete Tabulation,00200521,000001136464,0003445244,2020,2020000000,Saitama,11,11381,美里町,town,e-Stat getMetaInfo area dimension (metadata only; no values retrieved),yes,yes,false,false,false,true,false,11381,expected_direct_5digit_join,no,no,standard 5-digit JIS municipality code
AC_0069,R02_OFF_TGT_001,Population Census of Japan (Kokusei Chosa) 2020 Basic Complete Tabulation,00200521,000001136464,0003445244,2020,2020000000,Saitama,11,11383,神川町,town,e-Stat getMetaInfo area dimension (metadata only; no values retrieved),yes,yes,false,false,false,true,false,11383,expected_direct_5digit_join,no,no,standard 5-digit JIS municipality code
AC_0070,R02_OFF_TGT_001,Population Census of Japan (Kokusei Chosa) 2020 Basic Complete Tabulation,00200521,000001136464,0003445244,2020,2020000000,Saitama,11,11385,上里町,town,e-Stat getMetaInfo area dimension (metadata only; no values retrieved),yes,yes,false,false,false,true,false,11385,expected_direct_5digit_join,no,no,standard 5-digit JIS municipality code
AC_0071,R02_OFF_TGT_001,Population Census of Japan (Kokusei Chosa) 2020 Basic Complete Tabulation,00200521,000001136464,0003445244,2020,2020000000,Saitama,11,11408,寄居町,town,e-Stat getMetaInfo area dimension (metadata only; no values retrieved),yes,yes,false,false,false,true,false,11408,expected_direct_5digit_join,no,no,standard 5-digit JIS municipality code
AC_0072,R02_OFF_TGT_001,Population Census of Japan (Kokusei Chosa) 2020 Basic Complete Tabulation,00200521,000001136464,0003445244,2020,2020000000,Saitama,11,11442,宮代町,town,e-Stat getMetaInfo area dimension (metadata only; no values retrieved),yes,yes,false,false,false,true,false,11442,expected_direct_5digit_join,no,no,standard 5-digit JIS municipality code
AC_0073,R02_OFF_TGT_001,Population Census of Japan (Kokusei Chosa) 2020 Basic Complete Tabulation,00200521,000001136464,0003445244,2020,2020000000,Saitama,11,11464,杉戸町,town,e-Stat getMetaInfo area dimension (metadata only; no values retrieved),yes,yes,false,false,false,true,false,11464,expected_direct_5digit_join,no,no,standard 5-digit JIS municipality code
AC_0074,R02_OFF_TGT_001,Population Census of Japan (Kokusei Chosa) 2020 Basic Complete Tabulation,00200521,000001136464,0003445244,2020,2020000000,Saitama,11,11465,松伏町,town,e-Stat getMetaInfo area dimension (metadata only; no values retrieved),yes,yes,false,false,false,true,false,11465,expected_direct_5digit_join,no,no,standard 5-digit JIS municipality code
AC_0075,R02_OFF_TGT_001,Population Census of Japan (Kokusei Chosa) 2020 Basic Complete Tabulation,00200521,000001136464,0003445244,2020,2020000000,Chiba,12,12000,千葉県,prefecture_total,e-Stat getMetaInfo area dimension (metadata only; no values retrieved),yes,no,false,false,false,false,false,12000,not_applicable,no,no,prefecture total row; not a municipality; excluded from target
AC_0076,R02_OFF_TGT_001,Population Census of Japan (Kokusei Chosa) 2020 Basic Complete Tabulation,00200521,000001136464,0003445244,2020,2020000000,Chiba,12,12100,千葉市,designated_city_parent,e-Stat getMetaInfo area dimension (metadata only; no values retrieved),yes,no,false,false,false,false,false,12100,not_applicable,no,no,designated-city parent aggregate; excluded to avoid double count; use its wards
AC_0077,R02_OFF_TGT_001,Population Census of Japan (Kokusei Chosa) 2020 Basic Complete Tabulation,00200521,000001136464,0003445244,2020,2020000000,Chiba,12,12101,千葉市中央区,designated_city_ward,e-Stat getMetaInfo area dimension (metadata only; no values retrieved),yes,yes,false,true,false,false,false,12101,expected_direct_5digit_join,no,no,standard 5-digit JIS municipality code
AC_0078,R02_OFF_TGT_001,Population Census of Japan (Kokusei Chosa) 2020 Basic Complete Tabulation,00200521,000001136464,0003445244,2020,2020000000,Chiba,12,12102,千葉市花見川区,designated_city_ward,e-Stat getMetaInfo area dimension (metadata only; no values retrieved),yes,yes,false,true,false,false,false,12102,expected_direct_5digit_join,no,no,standard 5-digit JIS municipality code
AC_0079,R02_OFF_TGT_001,Population Census of Japan (Kokusei Chosa) 2020 Basic Complete Tabulation,00200521,000001136464,0003445244,2020,2020000000,Chiba,12,12103,千葉市稲毛区,designated_city_ward,e-Stat getMetaInfo area dimension (metadata only; no values retrieved),yes,yes,false,true,false,false,false,12103,expected_direct_5digit_join,no,no,standard 5-digit JIS municipality code
AC_0080,R02_OFF_TGT_001,Population Census of Japan (Kokusei Chosa) 2020 Basic Complete Tabulation,00200521,000001136464,0003445244,2020,2020000000,Chiba,12,12104,千葉市若葉区,designated_city_ward,e-Stat getMetaInfo area dimension (metadata only; no values retrieved),yes,yes,false,true,false,false,false,12104,expected_direct_5digit_join,no,no,standard 5-digit JIS municipality code
AC_0081,R02_OFF_TGT_001,Population Census of Japan (Kokusei Chosa) 2020 Basic Complete Tabulation,00200521,000001136464,0003445244,2020,2020000000,Chiba,12,12105,千葉市緑区,designated_city_ward,e-Stat getMetaInfo area dimension (metadata only; no values retrieved),yes,yes,false,true,false,false,false,12105,expected_direct_5digit_join,no,no,standard 5-digit JIS municipality code
AC_0082,R02_OFF_TGT_001,Population Census of Japan (Kokusei Chosa) 2020 Basic Complete Tabulation,00200521,000001136464,0003445244,2020,2020000000,Chiba,12,12106,千葉市美浜区,designated_city_ward,e-Stat getMetaInfo area dimension (metadata only; no values retrieved),yes,yes,false,true,false,false,false,12106,expected_direct_5digit_join,no,no,standard 5-digit JIS municipality code
AC_0083,R02_OFF_TGT_001,Population Census of Japan (Kokusei Chosa) 2020 Basic Complete Tabulation,00200521,000001136464,0003445244,2020,2020000000,Chiba,12,12202,銚子市,city,e-Stat getMetaInfo area dimension (metadata only; no values retrieved),yes,yes,false,false,true,false,false,12202,expected_direct_5digit_join,no,no,standard 5-digit JIS municipality code
AC_0084,R02_OFF_TGT_001,Population Census of Japan (Kokusei Chosa) 2020 Basic Complete Tabulation,00200521,000001136464,0003445244,2020,2020000000,Chiba,12,12203,市川市,city,e-Stat getMetaInfo area dimension (metadata only; no values retrieved),yes,yes,false,false,true,false,false,12203,expected_direct_5digit_join,no,no,standard 5-digit JIS municipality code
AC_0085,R02_OFF_TGT_001,Population Census of Japan (Kokusei Chosa) 2020 Basic Complete Tabulation,00200521,000001136464,0003445244,2020,2020000000,Chiba,12,12204,船橋市,city,e-Stat getMetaInfo area dimension (metadata only; no values retrieved),yes,yes,false,false,true,false,false,12204,expected_direct_5digit_join,no,no,standard 5-digit JIS municipality code
AC_0086,R02_OFF_TGT_001,Population Census of Japan (Kokusei Chosa) 2020 Basic Complete Tabulation,00200521,000001136464,0003445244,2020,2020000000,Chiba,12,12205,館山市,city,e-Stat getMetaInfo area dimension (metadata only; no values retrieved),yes,yes,false,false,true,false,false,12205,expected_direct_5digit_join,no,no,standard 5-digit JIS municipality code
AC_0087,R02_OFF_TGT_001,Population Census of Japan (Kokusei Chosa) 2020 Basic Complete Tabulation,00200521,000001136464,0003445244,2020,2020000000,Chiba,12,12206,木更津市,city,e-Stat getMetaInfo area dimension (metadata only; no values retrieved),yes,yes,false,false,true,false,false,12206,expected_direct_5digit_join,no,no,standard 5-digit JIS municipality code
AC_0088,R02_OFF_TGT_001,Population Census of Japan (Kokusei Chosa) 2020 Basic Complete Tabulation,00200521,000001136464,0003445244,2020,2020000000,Chiba,12,12207,松戸市,city,e-Stat getMetaInfo area dimension (metadata only; no values retrieved),yes,yes,false,false,true,false,false,12207,expected_direct_5digit_join,no,no,standard 5-digit JIS municipality code
AC_0089,R02_OFF_TGT_001,Population Census of Japan (Kokusei Chosa) 2020 Basic Complete Tabulation,00200521,000001136464,0003445244,2020,2020000000,Chiba,12,12208,野田市,city,e-Stat getMetaInfo area dimension (metadata only; no values retrieved),yes,yes,false,false,true,false,false,12208,expected_direct_5digit_join,no,no,standard 5-digit JIS municipality code
AC_0090,R02_OFF_TGT_001,Population Census of Japan (Kokusei Chosa) 2020 Basic Complete Tabulation,00200521,000001136464,0003445244,2020,2020000000,Chiba,12,12210,茂原市,city,e-Stat getMetaInfo area dimension (metadata only; no values retrieved),yes,yes,false,false,true,false,false,12210,expected_direct_5digit_join,no,no,standard 5-digit JIS municipality code
AC_0091,R02_OFF_TGT_001,Population Census of Japan (Kokusei Chosa) 2020 Basic Complete Tabulation,00200521,000001136464,0003445244,2020,2020000000,Chiba,12,12211,成田市,city,e-Stat getMetaInfo area dimension (metadata only; no values retrieved),yes,yes,false,false,true,false,false,12211,expected_direct_5digit_join,no,no,standard 5-digit JIS municipality code
AC_0092,R02_OFF_TGT_001,Population Census of Japan (Kokusei Chosa) 2020 Basic Complete Tabulation,00200521,000001136464,0003445244,2020,2020000000,Chiba,12,12212,佐倉市,city,e-Stat getMetaInfo area dimension (metadata only; no values retrieved),yes,yes,false,false,true,false,false,12212,expected_direct_5digit_join,no,no,standard 5-digit JIS municipality code
AC_0093,R02_OFF_TGT_001,Population Census of Japan (Kokusei Chosa) 2020 Basic Complete Tabulation,00200521,000001136464,0003445244,2020,2020000000,Chiba,12,12213,東金市,city,e-Stat getMetaInfo area dimension (metadata only; no values retrieved),yes,yes,false,false,true,false,false,12213,expected_direct_5digit_join,no,no,standard 5-digit JIS municipality code
AC_0094,R02_OFF_TGT_001,Population Census of Japan (Kokusei Chosa) 2020 Basic Complete Tabulation,00200521,000001136464,0003445244,2020,2020000000,Chiba,12,12215,旭市,city,e-Stat getMetaInfo area dimension (metadata only; no values retrieved),yes,yes,false,false,true,false,false,12215,expected_direct_5digit_join,no,no,standard 5-digit JIS municipality code
AC_0095,R02_OFF_TGT_001,Population Census of Japan (Kokusei Chosa) 2020 Basic Complete Tabulation,00200521,000001136464,0003445244,2020,2020000000,Chiba,12,12216,習志野市,city,e-Stat getMetaInfo area dimension (metadata only; no values retrieved),yes,yes,false,false,true,false,false,12216,expected_direct_5digit_join,no,no,standard 5-digit JIS municipality code
AC_0096,R02_OFF_TGT_001,Population Census of Japan (Kokusei Chosa) 2020 Basic Complete Tabulation,00200521,000001136464,0003445244,2020,2020000000,Chiba,12,12217,柏市,city,e-Stat getMetaInfo area dimension (metadata only; no values retrieved),yes,yes,false,false,true,false,false,12217,expected_direct_5digit_join,no,no,standard 5-digit JIS municipality code
AC_0097,R02_OFF_TGT_001,Population Census of Japan (Kokusei Chosa) 2020 Basic Complete Tabulation,00200521,000001136464,0003445244,2020,2020000000,Chiba,12,12218,勝浦市,city,e-Stat getMetaInfo area dimension (metadata only; no values retrieved),yes,yes,false,false,true,false,false,12218,expected_direct_5digit_join,no,no,standard 5-digit JIS municipality code
AC_0098,R02_OFF_TGT_001,Population Census of Japan (Kokusei Chosa) 2020 Basic Complete Tabulation,00200521,000001136464,0003445244,2020,2020000000,Chiba,12,12219,市原市,city,e-Stat getMetaInfo area dimension (metadata only; no values retrieved),yes,yes,false,false,true,false,false,12219,expected_direct_5digit_join,no,no,standard 5-digit JIS municipality code
AC_0099,R02_OFF_TGT_001,Population Census of Japan (Kokusei Chosa) 2020 Basic Complete Tabulation,00200521,000001136464,0003445244,2020,2020000000,Chiba,12,12220,流山市,city,e-Stat getMetaInfo area dimension (metadata only; no values retrieved),yes,yes,false,false,true,false,false,12220,expected_direct_5digit_join,no,no,standard 5-digit JIS municipality code
AC_0100,R02_OFF_TGT_001,Population Census of Japan (Kokusei Chosa) 2020 Basic Complete Tabulation,00200521,000001136464,0003445244,2020,2020000000,Chiba,12,12221,八千代市,city,e-Stat getMetaInfo area dimension (metadata only; no values retrieved),yes,yes,false,false,true,false,false,12221,expected_direct_5digit_join,no,no,standard 5-digit JIS municipality code
AC_0101,R02_OFF_TGT_001,Population Census of Japan (Kokusei Chosa) 2020 Basic Complete Tabulation,00200521,000001136464,0003445244,2020,2020000000,Chiba,12,12222,我孫子市,city,e-Stat getMetaInfo area dimension (metadata only; no values retrieved),yes,yes,false,false,true,false,false,12222,expected_direct_5digit_join,no,no,standard 5-digit JIS municipality code
AC_0102,R02_OFF_TGT_001,Population Census of Japan (Kokusei Chosa) 2020 Basic Complete Tabulation,00200521,000001136464,0003445244,2020,2020000000,Chiba,12,12223,鴨川市,city,e-Stat getMetaInfo area dimension (metadata only; no values retrieved),yes,yes,false,false,true,false,false,12223,expected_direct_5digit_join,no,no,standard 5-digit JIS municipality code
AC_0103,R02_OFF_TGT_001,Population Census of Japan (Kokusei Chosa) 2020 Basic Complete Tabulation,00200521,000001136464,0003445244,2020,2020000000,Chiba,12,12224,鎌ケ谷市,city,e-Stat getMetaInfo area dimension (metadata only; no values retrieved),yes,yes,false,false,true,false,false,12224,expected_direct_5digit_join,no,no,standard 5-digit JIS municipality code
AC_0104,R02_OFF_TGT_001,Population Census of Japan (Kokusei Chosa) 2020 Basic Complete Tabulation,00200521,000001136464,0003445244,2020,2020000000,Chiba,12,12225,君津市,city,e-Stat getMetaInfo area dimension (metadata only; no values retrieved),yes,yes,false,false,true,false,false,12225,expected_direct_5digit_join,no,no,standard 5-digit JIS municipality code
AC_0105,R02_OFF_TGT_001,Population Census of Japan (Kokusei Chosa) 2020 Basic Complete Tabulation,00200521,000001136464,0003445244,2020,2020000000,Chiba,12,12226,富津市,city,e-Stat getMetaInfo area dimension (metadata only; no values retrieved),yes,yes,false,false,true,false,false,12226,expected_direct_5digit_join,no,no,standard 5-digit JIS municipality code
AC_0106,R02_OFF_TGT_001,Population Census of Japan (Kokusei Chosa) 2020 Basic Complete Tabulation,00200521,000001136464,0003445244,2020,2020000000,Chiba,12,12227,浦安市,city,e-Stat getMetaInfo area dimension (metadata only; no values retrieved),yes,yes,false,false,true,false,false,12227,expected_direct_5digit_join,no,no,standard 5-digit JIS municipality code
AC_0107,R02_OFF_TGT_001,Population Census of Japan (Kokusei Chosa) 2020 Basic Complete Tabulation,00200521,000001136464,0003445244,2020,2020000000,Chiba,12,12228,四街道市,city,e-Stat getMetaInfo area dimension (metadata only; no values retrieved),yes,yes,false,false,true,false,false,12228,expected_direct_5digit_join,no,no,standard 5-digit JIS municipality code
AC_0108,R02_OFF_TGT_001,Population Census of Japan (Kokusei Chosa) 2020 Basic Complete Tabulation,00200521,000001136464,0003445244,2020,2020000000,Chiba,12,12229,袖ケ浦市,city,e-Stat getMetaInfo area dimension (metadata only; no values retrieved),yes,yes,false,false,true,false,false,12229,expected_direct_5digit_join,no,no,standard 5-digit JIS municipality code
AC_0109,R02_OFF_TGT_001,Population Census of Japan (Kokusei Chosa) 2020 Basic Complete Tabulation,00200521,000001136464,0003445244,2020,2020000000,Chiba,12,12230,八街市,city,e-Stat getMetaInfo area dimension (metadata only; no values retrieved),yes,yes,false,false,true,false,false,12230,expected_direct_5digit_join,no,no,standard 5-digit JIS municipality code
AC_0110,R02_OFF_TGT_001,Population Census of Japan (Kokusei Chosa) 2020 Basic Complete Tabulation,00200521,000001136464,0003445244,2020,2020000000,Chiba,12,12231,印西市,city,e-Stat getMetaInfo area dimension (metadata only; no values retrieved),yes,yes,false,false,true,false,false,12231,expected_direct_5digit_join,no,no,standard 5-digit JIS municipality code
AC_0111,R02_OFF_TGT_001,Population Census of Japan (Kokusei Chosa) 2020 Basic Complete Tabulation,00200521,000001136464,0003445244,2020,2020000000,Chiba,12,12232,白井市,city,e-Stat getMetaInfo area dimension (metadata only; no values retrieved),yes,yes,false,false,true,false,false,12232,expected_direct_5digit_join,no,no,standard 5-digit JIS municipality code
AC_0112,R02_OFF_TGT_001,Population Census of Japan (Kokusei Chosa) 2020 Basic Complete Tabulation,00200521,000001136464,0003445244,2020,2020000000,Chiba,12,12233,富里市,city,e-Stat getMetaInfo area dimension (metadata only; no values retrieved),yes,yes,false,false,true,false,false,12233,expected_direct_5digit_join,no,no,standard 5-digit JIS municipality code
AC_0113,R02_OFF_TGT_001,Population Census of Japan (Kokusei Chosa) 2020 Basic Complete Tabulation,00200521,000001136464,0003445244,2020,2020000000,Chiba,12,12234,南房総市,city,e-Stat getMetaInfo area dimension (metadata only; no values retrieved),yes,yes,false,false,true,false,false,12234,expected_direct_5digit_join,no,no,standard 5-digit JIS municipality code
AC_0114,R02_OFF_TGT_001,Population Census of Japan (Kokusei Chosa) 2020 Basic Complete Tabulation,00200521,000001136464,0003445244,2020,2020000000,Chiba,12,12235,匝瑳市,city,e-Stat getMetaInfo area dimension (metadata only; no values retrieved),yes,yes,false,false,true,false,false,12235,expected_direct_5digit_join,no,no,standard 5-digit JIS municipality code
AC_0115,R02_OFF_TGT_001,Population Census of Japan (Kokusei Chosa) 2020 Basic Complete Tabulation,00200521,000001136464,0003445244,2020,2020000000,Chiba,12,12236,香取市,city,e-Stat getMetaInfo area dimension (metadata only; no values retrieved),yes,yes,false,false,true,false,false,12236,expected_direct_5digit_join,no,no,standard 5-digit JIS municipality code
AC_0116,R02_OFF_TGT_001,Population Census of Japan (Kokusei Chosa) 2020 Basic Complete Tabulation,00200521,000001136464,0003445244,2020,2020000000,Chiba,12,12237,山武市,city,e-Stat getMetaInfo area dimension (metadata only; no values retrieved),yes,yes,false,false,true,false,false,12237,expected_direct_5digit_join,no,no,standard 5-digit JIS municipality code
AC_0117,R02_OFF_TGT_001,Population Census of Japan (Kokusei Chosa) 2020 Basic Complete Tabulation,00200521,000001136464,0003445244,2020,2020000000,Chiba,12,12238,いすみ市,city,e-Stat getMetaInfo area dimension (metadata only; no values retrieved),yes,yes,false,false,true,false,false,12238,expected_direct_5digit_join,no,no,standard 5-digit JIS municipality code
AC_0118,R02_OFF_TGT_001,Population Census of Japan (Kokusei Chosa) 2020 Basic Complete Tabulation,00200521,000001136464,0003445244,2020,2020000000,Chiba,12,12239,大網白里市,city,e-Stat getMetaInfo area dimension (metadata only; no values retrieved),yes,yes,false,false,true,false,false,12239,expected_direct_5digit_join,no,no,standard 5-digit JIS municipality code
AC_0119,R02_OFF_TGT_001,Population Census of Japan (Kokusei Chosa) 2020 Basic Complete Tabulation,00200521,000001136464,0003445244,2020,2020000000,Chiba,12,12322,酒々井町,town,e-Stat getMetaInfo area dimension (metadata only; no values retrieved),yes,yes,false,false,false,true,false,12322,expected_direct_5digit_join,no,no,standard 5-digit JIS municipality code
AC_0120,R02_OFF_TGT_001,Population Census of Japan (Kokusei Chosa) 2020 Basic Complete Tabulation,00200521,000001136464,0003445244,2020,2020000000,Chiba,12,12329,栄町,town,e-Stat getMetaInfo area dimension (metadata only; no values retrieved),yes,yes,false,false,false,true,false,12329,expected_direct_5digit_join,no,no,standard 5-digit JIS municipality code
AC_0121,R02_OFF_TGT_001,Population Census of Japan (Kokusei Chosa) 2020 Basic Complete Tabulation,00200521,000001136464,0003445244,2020,2020000000,Chiba,12,12342,神崎町,town,e-Stat getMetaInfo area dimension (metadata only; no values retrieved),yes,yes,false,false,false,true,false,12342,expected_direct_5digit_join,no,no,standard 5-digit JIS municipality code
AC_0122,R02_OFF_TGT_001,Population Census of Japan (Kokusei Chosa) 2020 Basic Complete Tabulation,00200521,000001136464,0003445244,2020,2020000000,Chiba,12,12347,多古町,town,e-Stat getMetaInfo area dimension (metadata only; no values retrieved),yes,yes,false,false,false,true,false,12347,expected_direct_5digit_join,no,no,standard 5-digit JIS municipality code
AC_0123,R02_OFF_TGT_001,Population Census of Japan (Kokusei Chosa) 2020 Basic Complete Tabulation,00200521,000001136464,0003445244,2020,2020000000,Chiba,12,12349,東庄町,town,e-Stat getMetaInfo area dimension (metadata only; no values retrieved),yes,yes,false,false,false,true,false,12349,expected_direct_5digit_join,no,no,standard 5-digit JIS municipality code
AC_0124,R02_OFF_TGT_001,Population Census of Japan (Kokusei Chosa) 2020 Basic Complete Tabulation,00200521,000001136464,0003445244,2020,2020000000,Chiba,12,12403,九十九里町,town,e-Stat getMetaInfo area dimension (metadata only; no values retrieved),yes,yes,false,false,false,true,false,12403,expected_direct_5digit_join,no,no,standard 5-digit JIS municipality code
AC_0125,R02_OFF_TGT_001,Population Census of Japan (Kokusei Chosa) 2020 Basic Complete Tabulation,00200521,000001136464,0003445244,2020,2020000000,Chiba,12,12409,芝山町,town,e-Stat getMetaInfo area dimension (metadata only; no values retrieved),yes,yes,false,false,false,true,false,12409,expected_direct_5digit_join,no,no,standard 5-digit JIS municipality code
AC_0126,R02_OFF_TGT_001,Population Census of Japan (Kokusei Chosa) 2020 Basic Complete Tabulation,00200521,000001136464,0003445244,2020,2020000000,Chiba,12,12410,横芝光町,town,e-Stat getMetaInfo area dimension (metadata only; no values retrieved),yes,yes,false,false,false,true,false,12410,expected_direct_5digit_join,no,no,standard 5-digit JIS municipality code
AC_0127,R02_OFF_TGT_001,Population Census of Japan (Kokusei Chosa) 2020 Basic Complete Tabulation,00200521,000001136464,0003445244,2020,2020000000,Chiba,12,12421,一宮町,town,e-Stat getMetaInfo area dimension (metadata only; no values retrieved),yes,yes,false,false,false,true,false,12421,expected_direct_5digit_join,no,no,standard 5-digit JIS municipality code
AC_0128,R02_OFF_TGT_001,Population Census of Japan (Kokusei Chosa) 2020 Basic Complete Tabulation,00200521,000001136464,0003445244,2020,2020000000,Chiba,12,12422,睦沢町,town,e-Stat getMetaInfo area dimension (metadata only; no values retrieved),yes,yes,false,false,false,true,false,12422,expected_direct_5digit_join,no,no,standard 5-digit JIS municipality code
AC_0129,R02_OFF_TGT_001,Population Census of Japan (Kokusei Chosa) 2020 Basic Complete Tabulation,00200521,000001136464,0003445244,2020,2020000000,Chiba,12,12423,長生村,village,e-Stat getMetaInfo area dimension (metadata only; no values retrieved),yes,yes,false,false,false,false,true,12423,expected_direct_5digit_join,no,no,standard 5-digit JIS municipality code
AC_0130,R02_OFF_TGT_001,Population Census of Japan (Kokusei Chosa) 2020 Basic Complete Tabulation,00200521,000001136464,0003445244,2020,2020000000,Chiba,12,12424,白子町,town,e-Stat getMetaInfo area dimension (metadata only; no values retrieved),yes,yes,false,false,false,true,false,12424,expected_direct_5digit_join,no,no,standard 5-digit JIS municipality code
AC_0131,R02_OFF_TGT_001,Population Census of Japan (Kokusei Chosa) 2020 Basic Complete Tabulation,00200521,000001136464,0003445244,2020,2020000000,Chiba,12,12426,長柄町,town,e-Stat getMetaInfo area dimension (metadata only; no values retrieved),yes,yes,false,false,false,true,false,12426,expected_direct_5digit_join,no,no,standard 5-digit JIS municipality code
AC_0132,R02_OFF_TGT_001,Population Census of Japan (Kokusei Chosa) 2020 Basic Complete Tabulation,00200521,000001136464,0003445244,2020,2020000000,Chiba,12,12427,長南町,town,e-Stat getMetaInfo area dimension (metadata only; no values retrieved),yes,yes,false,false,false,true,false,12427,expected_direct_5digit_join,no,no,standard 5-digit JIS municipality code
AC_0133,R02_OFF_TGT_001,Population Census of Japan (Kokusei Chosa) 2020 Basic Complete Tabulation,00200521,000001136464,0003445244,2020,2020000000,Chiba,12,12441,大多喜町,town,e-Stat getMetaInfo area dimension (metadata only; no values retrieved),yes,yes,false,false,false,true,false,12441,expected_direct_5digit_join,no,no,standard 5-digit JIS municipality code
AC_0134,R02_OFF_TGT_001,Population Census of Japan (Kokusei Chosa) 2020 Basic Complete Tabulation,00200521,000001136464,0003445244,2020,2020000000,Chiba,12,12443,御宿町,town,e-Stat getMetaInfo area dimension (metadata only; no values retrieved),yes,yes,false,false,false,true,false,12443,expected_direct_5digit_join,no,no,standard 5-digit JIS municipality code
AC_0135,R02_OFF_TGT_001,Population Census of Japan (Kokusei Chosa) 2020 Basic Complete Tabulation,00200521,000001136464,0003445244,2020,2020000000,Chiba,12,12463,鋸南町,town,e-Stat getMetaInfo area dimension (metadata only; no values retrieved),yes,yes,false,false,false,true,false,12463,expected_direct_5digit_join,no,no,standard 5-digit JIS municipality code
AC_0136,R02_OFF_TGT_001,Population Census of Japan (Kokusei Chosa) 2020 Basic Complete Tabulation,00200521,000001136464,0003445244,2020,2020000000,Tokyo,13,13000,東京都,prefecture_total,e-Stat getMetaInfo area dimension (metadata only; no values retrieved),yes,no,false,false,false,false,false,13000,not_applicable,no,no,prefecture total row; not a municipality; excluded from target
AC_0137,R02_OFF_TGT_001,Population Census of Japan (Kokusei Chosa) 2020 Basic Complete Tabulation,00200521,000001136464,0003445244,2020,2020000000,Tokyo,13,13100,特別区部,special_wards_aggregate,e-Stat getMetaInfo area dimension (metadata only; no values retrieved),yes,no,false,false,false,false,false,13100,not_applicable,no,no,Tokyo special-wards aggregate (tokubetsu-ku-bu); excluded to avoid double count; use the 23 special wards
AC_0138,R02_OFF_TGT_001,Population Census of Japan (Kokusei Chosa) 2020 Basic Complete Tabulation,00200521,000001136464,0003445244,2020,2020000000,Tokyo,13,13101,千代田区,special_ward,e-Stat getMetaInfo area dimension (metadata only; no values retrieved),yes,yes,true,false,false,false,false,13101,expected_direct_5digit_join,no,no,standard 5-digit JIS municipality code
AC_0139,R02_OFF_TGT_001,Population Census of Japan (Kokusei Chosa) 2020 Basic Complete Tabulation,00200521,000001136464,0003445244,2020,2020000000,Tokyo,13,13102,中央区,special_ward,e-Stat getMetaInfo area dimension (metadata only; no values retrieved),yes,yes,true,false,false,false,false,13102,expected_direct_5digit_join,no,no,standard 5-digit JIS municipality code
AC_0140,R02_OFF_TGT_001,Population Census of Japan (Kokusei Chosa) 2020 Basic Complete Tabulation,00200521,000001136464,0003445244,2020,2020000000,Tokyo,13,13103,港区,special_ward,e-Stat getMetaInfo area dimension (metadata only; no values retrieved),yes,yes,true,false,false,false,false,13103,expected_direct_5digit_join,no,no,standard 5-digit JIS municipality code
AC_0141,R02_OFF_TGT_001,Population Census of Japan (Kokusei Chosa) 2020 Basic Complete Tabulation,00200521,000001136464,0003445244,2020,2020000000,Tokyo,13,13104,新宿区,special_ward,e-Stat getMetaInfo area dimension (metadata only; no values retrieved),yes,yes,true,false,false,false,false,13104,expected_direct_5digit_join,no,no,standard 5-digit JIS municipality code
AC_0142,R02_OFF_TGT_001,Population Census of Japan (Kokusei Chosa) 2020 Basic Complete Tabulation,00200521,000001136464,0003445244,2020,2020000000,Tokyo,13,13105,文京区,special_ward,e-Stat getMetaInfo area dimension (metadata only; no values retrieved),yes,yes,true,false,false,false,false,13105,expected_direct_5digit_join,no,no,standard 5-digit JIS municipality code
AC_0143,R02_OFF_TGT_001,Population Census of Japan (Kokusei Chosa) 2020 Basic Complete Tabulation,00200521,000001136464,0003445244,2020,2020000000,Tokyo,13,13106,台東区,special_ward,e-Stat getMetaInfo area dimension (metadata only; no values retrieved),yes,yes,true,false,false,false,false,13106,expected_direct_5digit_join,no,no,standard 5-digit JIS municipality code
AC_0144,R02_OFF_TGT_001,Population Census of Japan (Kokusei Chosa) 2020 Basic Complete Tabulation,00200521,000001136464,0003445244,2020,2020000000,Tokyo,13,13107,墨田区,special_ward,e-Stat getMetaInfo area dimension (metadata only; no values retrieved),yes,yes,true,false,false,false,false,13107,expected_direct_5digit_join,no,no,standard 5-digit JIS municipality code
AC_0145,R02_OFF_TGT_001,Population Census of Japan (Kokusei Chosa) 2020 Basic Complete Tabulation,00200521,000001136464,0003445244,2020,2020000000,Tokyo,13,13108,江東区,special_ward,e-Stat getMetaInfo area dimension (metadata only; no values retrieved),yes,yes,true,false,false,false,false,13108,expected_direct_5digit_join,no,no,standard 5-digit JIS municipality code
AC_0146,R02_OFF_TGT_001,Population Census of Japan (Kokusei Chosa) 2020 Basic Complete Tabulation,00200521,000001136464,0003445244,2020,2020000000,Tokyo,13,13109,品川区,special_ward,e-Stat getMetaInfo area dimension (metadata only; no values retrieved),yes,yes,true,false,false,false,false,13109,expected_direct_5digit_join,no,no,standard 5-digit JIS municipality code
AC_0147,R02_OFF_TGT_001,Population Census of Japan (Kokusei Chosa) 2020 Basic Complete Tabulation,00200521,000001136464,0003445244,2020,2020000000,Tokyo,13,13110,目黒区,special_ward,e-Stat getMetaInfo area dimension (metadata only; no values retrieved),yes,yes,true,false,false,false,false,13110,expected_direct_5digit_join,no,no,standard 5-digit JIS municipality code
AC_0148,R02_OFF_TGT_001,Population Census of Japan (Kokusei Chosa) 2020 Basic Complete Tabulation,00200521,000001136464,0003445244,2020,2020000000,Tokyo,13,13111,大田区,special_ward,e-Stat getMetaInfo area dimension (metadata only; no values retrieved),yes,yes,true,false,false,false,false,13111,expected_direct_5digit_join,no,no,standard 5-digit JIS municipality code
AC_0149,R02_OFF_TGT_001,Population Census of Japan (Kokusei Chosa) 2020 Basic Complete Tabulation,00200521,000001136464,0003445244,2020,2020000000,Tokyo,13,13112,世田谷区,special_ward,e-Stat getMetaInfo area dimension (metadata only; no values retrieved),yes,yes,true,false,false,false,false,13112,expected_direct_5digit_join,no,no,standard 5-digit JIS municipality code
AC_0150,R02_OFF_TGT_001,Population Census of Japan (Kokusei Chosa) 2020 Basic Complete Tabulation,00200521,000001136464,0003445244,2020,2020000000,Tokyo,13,13113,渋谷区,special_ward,e-Stat getMetaInfo area dimension (metadata only; no values retrieved),yes,yes,true,false,false,false,false,13113,expected_direct_5digit_join,no,no,standard 5-digit JIS municipality code
AC_0151,R02_OFF_TGT_001,Population Census of Japan (Kokusei Chosa) 2020 Basic Complete Tabulation,00200521,000001136464,0003445244,2020,2020000000,Tokyo,13,13114,中野区,special_ward,e-Stat getMetaInfo area dimension (metadata only; no values retrieved),yes,yes,true,false,false,false,false,13114,expected_direct_5digit_join,no,no,standard 5-digit JIS municipality code
AC_0152,R02_OFF_TGT_001,Population Census of Japan (Kokusei Chosa) 2020 Basic Complete Tabulation,00200521,000001136464,0003445244,2020,2020000000,Tokyo,13,13115,杉並区,special_ward,e-Stat getMetaInfo area dimension (metadata only; no values retrieved),yes,yes,true,false,false,false,false,13115,expected_direct_5digit_join,no,no,standard 5-digit JIS municipality code
AC_0153,R02_OFF_TGT_001,Population Census of Japan (Kokusei Chosa) 2020 Basic Complete Tabulation,00200521,000001136464,0003445244,2020,2020000000,Tokyo,13,13116,豊島区,special_ward,e-Stat getMetaInfo area dimension (metadata only; no values retrieved),yes,yes,true,false,false,false,false,13116,expected_direct_5digit_join,no,no,standard 5-digit JIS municipality code
AC_0154,R02_OFF_TGT_001,Population Census of Japan (Kokusei Chosa) 2020 Basic Complete Tabulation,00200521,000001136464,0003445244,2020,2020000000,Tokyo,13,13117,北区,special_ward,e-Stat getMetaInfo area dimension (metadata only; no values retrieved),yes,yes,true,false,false,false,false,13117,expected_direct_5digit_join,no,no,standard 5-digit JIS municipality code
AC_0155,R02_OFF_TGT_001,Population Census of Japan (Kokusei Chosa) 2020 Basic Complete Tabulation,00200521,000001136464,0003445244,2020,2020000000,Tokyo,13,13118,荒川区,special_ward,e-Stat getMetaInfo area dimension (metadata only; no values retrieved),yes,yes,true,false,false,false,false,13118,expected_direct_5digit_join,no,no,standard 5-digit JIS municipality code
AC_0156,R02_OFF_TGT_001,Population Census of Japan (Kokusei Chosa) 2020 Basic Complete Tabulation,00200521,000001136464,0003445244,2020,2020000000,Tokyo,13,13119,板橋区,special_ward,e-Stat getMetaInfo area dimension (metadata only; no values retrieved),yes,yes,true,false,false,false,false,13119,expected_direct_5digit_join,no,no,standard 5-digit JIS municipality code
AC_0157,R02_OFF_TGT_001,Population Census of Japan (Kokusei Chosa) 2020 Basic Complete Tabulation,00200521,000001136464,0003445244,2020,2020000000,Tokyo,13,13120,練馬区,special_ward,e-Stat getMetaInfo area dimension (metadata only; no values retrieved),yes,yes,true,false,false,false,false,13120,expected_direct_5digit_join,no,no,standard 5-digit JIS municipality code
AC_0158,R02_OFF_TGT_001,Population Census of Japan (Kokusei Chosa) 2020 Basic Complete Tabulation,00200521,000001136464,0003445244,2020,2020000000,Tokyo,13,13121,足立区,special_ward,e-Stat getMetaInfo area dimension (metadata only; no values retrieved),yes,yes,true,false,false,false,false,13121,expected_direct_5digit_join,no,no,standard 5-digit JIS municipality code
AC_0159,R02_OFF_TGT_001,Population Census of Japan (Kokusei Chosa) 2020 Basic Complete Tabulation,00200521,000001136464,0003445244,2020,2020000000,Tokyo,13,13122,葛飾区,special_ward,e-Stat getMetaInfo area dimension (metadata only; no values retrieved),yes,yes,true,false,false,false,false,13122,expected_direct_5digit_join,no,no,standard 5-digit JIS municipality code
AC_0160,R02_OFF_TGT_001,Population Census of Japan (Kokusei Chosa) 2020 Basic Complete Tabulation,00200521,000001136464,0003445244,2020,2020000000,Tokyo,13,13123,江戸川区,special_ward,e-Stat getMetaInfo area dimension (metadata only; no values retrieved),yes,yes,true,false,false,false,false,13123,expected_direct_5digit_join,no,no,standard 5-digit JIS municipality code
AC_0161,R02_OFF_TGT_001,Population Census of Japan (Kokusei Chosa) 2020 Basic Complete Tabulation,00200521,000001136464,0003445244,2020,2020000000,Tokyo,13,13201,八王子市,city,e-Stat getMetaInfo area dimension (metadata only; no values retrieved),yes,yes,false,false,true,false,false,13201,expected_direct_5digit_join,no,no,standard 5-digit JIS municipality code
AC_0162,R02_OFF_TGT_001,Population Census of Japan (Kokusei Chosa) 2020 Basic Complete Tabulation,00200521,000001136464,0003445244,2020,2020000000,Tokyo,13,13202,立川市,city,e-Stat getMetaInfo area dimension (metadata only; no values retrieved),yes,yes,false,false,true,false,false,13202,expected_direct_5digit_join,no,no,standard 5-digit JIS municipality code
AC_0163,R02_OFF_TGT_001,Population Census of Japan (Kokusei Chosa) 2020 Basic Complete Tabulation,00200521,000001136464,0003445244,2020,2020000000,Tokyo,13,13203,武蔵野市,city,e-Stat getMetaInfo area dimension (metadata only; no values retrieved),yes,yes,false,false,true,false,false,13203,expected_direct_5digit_join,no,no,standard 5-digit JIS municipality code
AC_0164,R02_OFF_TGT_001,Population Census of Japan (Kokusei Chosa) 2020 Basic Complete Tabulation,00200521,000001136464,0003445244,2020,2020000000,Tokyo,13,13204,三鷹市,city,e-Stat getMetaInfo area dimension (metadata only; no values retrieved),yes,yes,false,false,true,false,false,13204,expected_direct_5digit_join,no,no,standard 5-digit JIS municipality code
AC_0165,R02_OFF_TGT_001,Population Census of Japan (Kokusei Chosa) 2020 Basic Complete Tabulation,00200521,000001136464,0003445244,2020,2020000000,Tokyo,13,13205,青梅市,city,e-Stat getMetaInfo area dimension (metadata only; no values retrieved),yes,yes,false,false,true,false,false,13205,expected_direct_5digit_join,no,no,standard 5-digit JIS municipality code
AC_0166,R02_OFF_TGT_001,Population Census of Japan (Kokusei Chosa) 2020 Basic Complete Tabulation,00200521,000001136464,0003445244,2020,2020000000,Tokyo,13,13206,府中市,city,e-Stat getMetaInfo area dimension (metadata only; no values retrieved),yes,yes,false,false,true,false,false,13206,expected_direct_5digit_join,no,no,standard 5-digit JIS municipality code
AC_0167,R02_OFF_TGT_001,Population Census of Japan (Kokusei Chosa) 2020 Basic Complete Tabulation,00200521,000001136464,0003445244,2020,2020000000,Tokyo,13,13207,昭島市,city,e-Stat getMetaInfo area dimension (metadata only; no values retrieved),yes,yes,false,false,true,false,false,13207,expected_direct_5digit_join,no,no,standard 5-digit JIS municipality code
AC_0168,R02_OFF_TGT_001,Population Census of Japan (Kokusei Chosa) 2020 Basic Complete Tabulation,00200521,000001136464,0003445244,2020,2020000000,Tokyo,13,13208,調布市,city,e-Stat getMetaInfo area dimension (metadata only; no values retrieved),yes,yes,false,false,true,false,false,13208,expected_direct_5digit_join,no,no,standard 5-digit JIS municipality code
AC_0169,R02_OFF_TGT_001,Population Census of Japan (Kokusei Chosa) 2020 Basic Complete Tabulation,00200521,000001136464,0003445244,2020,2020000000,Tokyo,13,13209,町田市,city,e-Stat getMetaInfo area dimension (metadata only; no values retrieved),yes,yes,false,false,true,false,false,13209,expected_direct_5digit_join,no,no,standard 5-digit JIS municipality code
AC_0170,R02_OFF_TGT_001,Population Census of Japan (Kokusei Chosa) 2020 Basic Complete Tabulation,00200521,000001136464,0003445244,2020,2020000000,Tokyo,13,13210,小金井市,city,e-Stat getMetaInfo area dimension (metadata only; no values retrieved),yes,yes,false,false,true,false,false,13210,expected_direct_5digit_join,no,no,standard 5-digit JIS municipality code
AC_0171,R02_OFF_TGT_001,Population Census of Japan (Kokusei Chosa) 2020 Basic Complete Tabulation,00200521,000001136464,0003445244,2020,2020000000,Tokyo,13,13211,小平市,city,e-Stat getMetaInfo area dimension (metadata only; no values retrieved),yes,yes,false,false,true,false,false,13211,expected_direct_5digit_join,no,no,standard 5-digit JIS municipality code
AC_0172,R02_OFF_TGT_001,Population Census of Japan (Kokusei Chosa) 2020 Basic Complete Tabulation,00200521,000001136464,0003445244,2020,2020000000,Tokyo,13,13212,日野市,city,e-Stat getMetaInfo area dimension (metadata only; no values retrieved),yes,yes,false,false,true,false,false,13212,expected_direct_5digit_join,no,no,standard 5-digit JIS municipality code
AC_0173,R02_OFF_TGT_001,Population Census of Japan (Kokusei Chosa) 2020 Basic Complete Tabulation,00200521,000001136464,0003445244,2020,2020000000,Tokyo,13,13213,東村山市,city,e-Stat getMetaInfo area dimension (metadata only; no values retrieved),yes,yes,false,false,true,false,false,13213,expected_direct_5digit_join,no,no,standard 5-digit JIS municipality code
AC_0174,R02_OFF_TGT_001,Population Census of Japan (Kokusei Chosa) 2020 Basic Complete Tabulation,00200521,000001136464,0003445244,2020,2020000000,Tokyo,13,13214,国分寺市,city,e-Stat getMetaInfo area dimension (metadata only; no values retrieved),yes,yes,false,false,true,false,false,13214,expected_direct_5digit_join,no,no,standard 5-digit JIS municipality code
AC_0175,R02_OFF_TGT_001,Population Census of Japan (Kokusei Chosa) 2020 Basic Complete Tabulation,00200521,000001136464,0003445244,2020,2020000000,Tokyo,13,13215,国立市,city,e-Stat getMetaInfo area dimension (metadata only; no values retrieved),yes,yes,false,false,true,false,false,13215,expected_direct_5digit_join,no,no,standard 5-digit JIS municipality code
AC_0176,R02_OFF_TGT_001,Population Census of Japan (Kokusei Chosa) 2020 Basic Complete Tabulation,00200521,000001136464,0003445244,2020,2020000000,Tokyo,13,13218,福生市,city,e-Stat getMetaInfo area dimension (metadata only; no values retrieved),yes,yes,false,false,true,false,false,13218,expected_direct_5digit_join,no,no,standard 5-digit JIS municipality code
AC_0177,R02_OFF_TGT_001,Population Census of Japan (Kokusei Chosa) 2020 Basic Complete Tabulation,00200521,000001136464,0003445244,2020,2020000000,Tokyo,13,13219,狛江市,city,e-Stat getMetaInfo area dimension (metadata only; no values retrieved),yes,yes,false,false,true,false,false,13219,expected_direct_5digit_join,no,no,standard 5-digit JIS municipality code
AC_0178,R02_OFF_TGT_001,Population Census of Japan (Kokusei Chosa) 2020 Basic Complete Tabulation,00200521,000001136464,0003445244,2020,2020000000,Tokyo,13,13220,東大和市,city,e-Stat getMetaInfo area dimension (metadata only; no values retrieved),yes,yes,false,false,true,false,false,13220,expected_direct_5digit_join,no,no,standard 5-digit JIS municipality code
AC_0179,R02_OFF_TGT_001,Population Census of Japan (Kokusei Chosa) 2020 Basic Complete Tabulation,00200521,000001136464,0003445244,2020,2020000000,Tokyo,13,13221,清瀬市,city,e-Stat getMetaInfo area dimension (metadata only; no values retrieved),yes,yes,false,false,true,false,false,13221,expected_direct_5digit_join,no,no,standard 5-digit JIS municipality code
AC_0180,R02_OFF_TGT_001,Population Census of Japan (Kokusei Chosa) 2020 Basic Complete Tabulation,00200521,000001136464,0003445244,2020,2020000000,Tokyo,13,13222,東久留米市,city,e-Stat getMetaInfo area dimension (metadata only; no values retrieved),yes,yes,false,false,true,false,false,13222,expected_direct_5digit_join,no,no,standard 5-digit JIS municipality code
AC_0181,R02_OFF_TGT_001,Population Census of Japan (Kokusei Chosa) 2020 Basic Complete Tabulation,00200521,000001136464,0003445244,2020,2020000000,Tokyo,13,13223,武蔵村山市,city,e-Stat getMetaInfo area dimension (metadata only; no values retrieved),yes,yes,false,false,true,false,false,13223,expected_direct_5digit_join,no,no,standard 5-digit JIS municipality code
AC_0182,R02_OFF_TGT_001,Population Census of Japan (Kokusei Chosa) 2020 Basic Complete Tabulation,00200521,000001136464,0003445244,2020,2020000000,Tokyo,13,13224,多摩市,city,e-Stat getMetaInfo area dimension (metadata only; no values retrieved),yes,yes,false,false,true,false,false,13224,expected_direct_5digit_join,no,no,standard 5-digit JIS municipality code
AC_0183,R02_OFF_TGT_001,Population Census of Japan (Kokusei Chosa) 2020 Basic Complete Tabulation,00200521,000001136464,0003445244,2020,2020000000,Tokyo,13,13225,稲城市,city,e-Stat getMetaInfo area dimension (metadata only; no values retrieved),yes,yes,false,false,true,false,false,13225,expected_direct_5digit_join,no,no,standard 5-digit JIS municipality code
AC_0184,R02_OFF_TGT_001,Population Census of Japan (Kokusei Chosa) 2020 Basic Complete Tabulation,00200521,000001136464,0003445244,2020,2020000000,Tokyo,13,13227,羽村市,city,e-Stat getMetaInfo area dimension (metadata only; no values retrieved),yes,yes,false,false,true,false,false,13227,expected_direct_5digit_join,no,no,standard 5-digit JIS municipality code
AC_0185,R02_OFF_TGT_001,Population Census of Japan (Kokusei Chosa) 2020 Basic Complete Tabulation,00200521,000001136464,0003445244,2020,2020000000,Tokyo,13,13228,あきる野市,city,e-Stat getMetaInfo area dimension (metadata only; no values retrieved),yes,yes,false,false,true,false,false,13228,expected_direct_5digit_join,no,no,standard 5-digit JIS municipality code
AC_0186,R02_OFF_TGT_001,Population Census of Japan (Kokusei Chosa) 2020 Basic Complete Tabulation,00200521,000001136464,0003445244,2020,2020000000,Tokyo,13,13229,西東京市,city,e-Stat getMetaInfo area dimension (metadata only; no values retrieved),yes,yes,false,false,true,false,false,13229,expected_direct_5digit_join,no,no,standard 5-digit JIS municipality code
AC_0187,R02_OFF_TGT_001,Population Census of Japan (Kokusei Chosa) 2020 Basic Complete Tabulation,00200521,000001136464,0003445244,2020,2020000000,Tokyo,13,13303,瑞穂町,town,e-Stat getMetaInfo area dimension (metadata only; no values retrieved),yes,yes,false,false,false,true,false,13303,expected_direct_5digit_join,no,no,standard 5-digit JIS municipality code
AC_0188,R02_OFF_TGT_001,Population Census of Japan (Kokusei Chosa) 2020 Basic Complete Tabulation,00200521,000001136464,0003445244,2020,2020000000,Tokyo,13,13305,日の出町,town,e-Stat getMetaInfo area dimension (metadata only; no values retrieved),yes,yes,false,false,false,true,false,13305,expected_direct_5digit_join,no,no,standard 5-digit JIS municipality code
AC_0189,R02_OFF_TGT_001,Population Census of Japan (Kokusei Chosa) 2020 Basic Complete Tabulation,00200521,000001136464,0003445244,2020,2020000000,Tokyo,13,13307,檜原村,village,e-Stat getMetaInfo area dimension (metadata only; no values retrieved),yes,yes,false,false,false,false,true,13307,expected_direct_5digit_join,no,no,standard 5-digit JIS municipality code
AC_0190,R02_OFF_TGT_001,Population Census of Japan (Kokusei Chosa) 2020 Basic Complete Tabulation,00200521,000001136464,0003445244,2020,2020000000,Tokyo,13,13308,奥多摩町,town,e-Stat getMetaInfo area dimension (metadata only; no values retrieved),yes,yes,false,false,false,true,false,13308,expected_direct_5digit_join,no,no,standard 5-digit JIS municipality code
AC_0191,R02_OFF_TGT_001,Population Census of Japan (Kokusei Chosa) 2020 Basic Complete Tabulation,00200521,000001136464,0003445244,2020,2020000000,Tokyo,13,13361,大島町,town,e-Stat getMetaInfo area dimension (metadata only; no values retrieved),yes,yes,false,false,false,true,false,13361,expected_direct_5digit_join,no,no,island municipality (Tokyo island region); included but flagged; final exclusion deferred to study-area-definition task
AC_0192,R02_OFF_TGT_001,Population Census of Japan (Kokusei Chosa) 2020 Basic Complete Tabulation,00200521,000001136464,0003445244,2020,2020000000,Tokyo,13,13362,利島村,village,e-Stat getMetaInfo area dimension (metadata only; no values retrieved),yes,yes,false,false,false,false,true,13362,expected_direct_5digit_join,no,no,island municipality (Tokyo island region); included but flagged; final exclusion deferred to study-area-definition task
AC_0193,R02_OFF_TGT_001,Population Census of Japan (Kokusei Chosa) 2020 Basic Complete Tabulation,00200521,000001136464,0003445244,2020,2020000000,Tokyo,13,13363,新島村,village,e-Stat getMetaInfo area dimension (metadata only; no values retrieved),yes,yes,false,false,false,false,true,13363,expected_direct_5digit_join,no,no,island municipality (Tokyo island region); included but flagged; final exclusion deferred to study-area-definition task
AC_0194,R02_OFF_TGT_001,Population Census of Japan (Kokusei Chosa) 2020 Basic Complete Tabulation,00200521,000001136464,0003445244,2020,2020000000,Tokyo,13,13364,神津島村,village,e-Stat getMetaInfo area dimension (metadata only; no values retrieved),yes,yes,false,false,false,false,true,13364,expected_direct_5digit_join,no,no,island municipality (Tokyo island region); included but flagged; final exclusion deferred to study-area-definition task
AC_0195,R02_OFF_TGT_001,Population Census of Japan (Kokusei Chosa) 2020 Basic Complete Tabulation,00200521,000001136464,0003445244,2020,2020000000,Tokyo,13,13381,三宅村,village,e-Stat getMetaInfo area dimension (metadata only; no values retrieved),yes,yes,false,false,false,false,true,13381,expected_direct_5digit_join,no,no,island municipality (Tokyo island region); included but flagged; final exclusion deferred to study-area-definition task
AC_0196,R02_OFF_TGT_001,Population Census of Japan (Kokusei Chosa) 2020 Basic Complete Tabulation,00200521,000001136464,0003445244,2020,2020000000,Tokyo,13,13382,御蔵島村,village,e-Stat getMetaInfo area dimension (metadata only; no values retrieved),yes,yes,false,false,false,false,true,13382,expected_direct_5digit_join,no,no,island municipality (Tokyo island region); included but flagged; final exclusion deferred to study-area-definition task
AC_0197,R02_OFF_TGT_001,Population Census of Japan (Kokusei Chosa) 2020 Basic Complete Tabulation,00200521,000001136464,0003445244,2020,2020000000,Tokyo,13,13401,八丈町,town,e-Stat getMetaInfo area dimension (metadata only; no values retrieved),yes,yes,false,false,false,true,false,13401,expected_direct_5digit_join,no,no,island municipality (Tokyo island region); included but flagged; final exclusion deferred to study-area-definition task
AC_0198,R02_OFF_TGT_001,Population Census of Japan (Kokusei Chosa) 2020 Basic Complete Tabulation,00200521,000001136464,0003445244,2020,2020000000,Tokyo,13,13402,青ヶ島村,village,e-Stat getMetaInfo area dimension (metadata only; no values retrieved),yes,yes,false,false,false,false,true,13402,expected_direct_5digit_join,no,no,island municipality (Tokyo island region); included but flagged; final exclusion deferred to study-area-definition task
AC_0199,R02_OFF_TGT_001,Population Census of Japan (Kokusei Chosa) 2020 Basic Complete Tabulation,00200521,000001136464,0003445244,2020,2020000000,Tokyo,13,13421,小笠原村,village,e-Stat getMetaInfo area dimension (metadata only; no values retrieved),yes,yes,false,false,false,false,true,13421,expected_direct_5digit_join,no,no,island municipality (Tokyo island region); included but flagged; final exclusion deferred to study-area-definition task
AC_0200,R02_OFF_TGT_001,Population Census of Japan (Kokusei Chosa) 2020 Basic Complete Tabulation,00200521,000001136464,0003445244,2020,2020000000,Kanagawa,14,14000,神奈川県,prefecture_total,e-Stat getMetaInfo area dimension (metadata only; no values retrieved),yes,no,false,false,false,false,false,14000,not_applicable,no,no,prefecture total row; not a municipality; excluded from target
AC_0201,R02_OFF_TGT_001,Population Census of Japan (Kokusei Chosa) 2020 Basic Complete Tabulation,00200521,000001136464,0003445244,2020,2020000000,Kanagawa,14,14100,横浜市,designated_city_parent,e-Stat getMetaInfo area dimension (metadata only; no values retrieved),yes,no,false,false,false,false,false,14100,not_applicable,no,no,designated-city parent aggregate; excluded to avoid double count; use its wards
AC_0202,R02_OFF_TGT_001,Population Census of Japan (Kokusei Chosa) 2020 Basic Complete Tabulation,00200521,000001136464,0003445244,2020,2020000000,Kanagawa,14,14101,横浜市鶴見区,designated_city_ward,e-Stat getMetaInfo area dimension (metadata only; no values retrieved),yes,yes,false,true,false,false,false,14101,expected_direct_5digit_join,no,no,standard 5-digit JIS municipality code
AC_0203,R02_OFF_TGT_001,Population Census of Japan (Kokusei Chosa) 2020 Basic Complete Tabulation,00200521,000001136464,0003445244,2020,2020000000,Kanagawa,14,14102,横浜市神奈川区,designated_city_ward,e-Stat getMetaInfo area dimension (metadata only; no values retrieved),yes,yes,false,true,false,false,false,14102,expected_direct_5digit_join,no,no,standard 5-digit JIS municipality code
AC_0204,R02_OFF_TGT_001,Population Census of Japan (Kokusei Chosa) 2020 Basic Complete Tabulation,00200521,000001136464,0003445244,2020,2020000000,Kanagawa,14,14103,横浜市西区,designated_city_ward,e-Stat getMetaInfo area dimension (metadata only; no values retrieved),yes,yes,false,true,false,false,false,14103,expected_direct_5digit_join,no,no,standard 5-digit JIS municipality code
AC_0205,R02_OFF_TGT_001,Population Census of Japan (Kokusei Chosa) 2020 Basic Complete Tabulation,00200521,000001136464,0003445244,2020,2020000000,Kanagawa,14,14104,横浜市中区,designated_city_ward,e-Stat getMetaInfo area dimension (metadata only; no values retrieved),yes,yes,false,true,false,false,false,14104,expected_direct_5digit_join,no,no,standard 5-digit JIS municipality code
AC_0206,R02_OFF_TGT_001,Population Census of Japan (Kokusei Chosa) 2020 Basic Complete Tabulation,00200521,000001136464,0003445244,2020,2020000000,Kanagawa,14,14105,横浜市南区,designated_city_ward,e-Stat getMetaInfo area dimension (metadata only; no values retrieved),yes,yes,false,true,false,false,false,14105,expected_direct_5digit_join,no,no,standard 5-digit JIS municipality code
AC_0207,R02_OFF_TGT_001,Population Census of Japan (Kokusei Chosa) 2020 Basic Complete Tabulation,00200521,000001136464,0003445244,2020,2020000000,Kanagawa,14,14106,横浜市保土ケ谷区,designated_city_ward,e-Stat getMetaInfo area dimension (metadata only; no values retrieved),yes,yes,false,true,false,false,false,14106,expected_direct_5digit_join,no,no,standard 5-digit JIS municipality code
AC_0208,R02_OFF_TGT_001,Population Census of Japan (Kokusei Chosa) 2020 Basic Complete Tabulation,00200521,000001136464,0003445244,2020,2020000000,Kanagawa,14,14107,横浜市磯子区,designated_city_ward,e-Stat getMetaInfo area dimension (metadata only; no values retrieved),yes,yes,false,true,false,false,false,14107,expected_direct_5digit_join,no,no,standard 5-digit JIS municipality code
AC_0209,R02_OFF_TGT_001,Population Census of Japan (Kokusei Chosa) 2020 Basic Complete Tabulation,00200521,000001136464,0003445244,2020,2020000000,Kanagawa,14,14108,横浜市金沢区,designated_city_ward,e-Stat getMetaInfo area dimension (metadata only; no values retrieved),yes,yes,false,true,false,false,false,14108,expected_direct_5digit_join,no,no,standard 5-digit JIS municipality code
AC_0210,R02_OFF_TGT_001,Population Census of Japan (Kokusei Chosa) 2020 Basic Complete Tabulation,00200521,000001136464,0003445244,2020,2020000000,Kanagawa,14,14109,横浜市港北区,designated_city_ward,e-Stat getMetaInfo area dimension (metadata only; no values retrieved),yes,yes,false,true,false,false,false,14109,expected_direct_5digit_join,no,no,standard 5-digit JIS municipality code
AC_0211,R02_OFF_TGT_001,Population Census of Japan (Kokusei Chosa) 2020 Basic Complete Tabulation,00200521,000001136464,0003445244,2020,2020000000,Kanagawa,14,14110,横浜市戸塚区,designated_city_ward,e-Stat getMetaInfo area dimension (metadata only; no values retrieved),yes,yes,false,true,false,false,false,14110,expected_direct_5digit_join,no,no,standard 5-digit JIS municipality code
AC_0212,R02_OFF_TGT_001,Population Census of Japan (Kokusei Chosa) 2020 Basic Complete Tabulation,00200521,000001136464,0003445244,2020,2020000000,Kanagawa,14,14111,横浜市港南区,designated_city_ward,e-Stat getMetaInfo area dimension (metadata only; no values retrieved),yes,yes,false,true,false,false,false,14111,expected_direct_5digit_join,no,no,standard 5-digit JIS municipality code
AC_0213,R02_OFF_TGT_001,Population Census of Japan (Kokusei Chosa) 2020 Basic Complete Tabulation,00200521,000001136464,0003445244,2020,2020000000,Kanagawa,14,14112,横浜市旭区,designated_city_ward,e-Stat getMetaInfo area dimension (metadata only; no values retrieved),yes,yes,false,true,false,false,false,14112,expected_direct_5digit_join,no,no,standard 5-digit JIS municipality code
AC_0214,R02_OFF_TGT_001,Population Census of Japan (Kokusei Chosa) 2020 Basic Complete Tabulation,00200521,000001136464,0003445244,2020,2020000000,Kanagawa,14,14113,横浜市緑区,designated_city_ward,e-Stat getMetaInfo area dimension (metadata only; no values retrieved),yes,yes,false,true,false,false,false,14113,expected_direct_5digit_join,no,no,standard 5-digit JIS municipality code
AC_0215,R02_OFF_TGT_001,Population Census of Japan (Kokusei Chosa) 2020 Basic Complete Tabulation,00200521,000001136464,0003445244,2020,2020000000,Kanagawa,14,14114,横浜市瀬谷区,designated_city_ward,e-Stat getMetaInfo area dimension (metadata only; no values retrieved),yes,yes,false,true,false,false,false,14114,expected_direct_5digit_join,no,no,standard 5-digit JIS municipality code
AC_0216,R02_OFF_TGT_001,Population Census of Japan (Kokusei Chosa) 2020 Basic Complete Tabulation,00200521,000001136464,0003445244,2020,2020000000,Kanagawa,14,14115,横浜市栄区,designated_city_ward,e-Stat getMetaInfo area dimension (metadata only; no values retrieved),yes,yes,false,true,false,false,false,14115,expected_direct_5digit_join,no,no,standard 5-digit JIS municipality code
AC_0217,R02_OFF_TGT_001,Population Census of Japan (Kokusei Chosa) 2020 Basic Complete Tabulation,00200521,000001136464,0003445244,2020,2020000000,Kanagawa,14,14116,横浜市泉区,designated_city_ward,e-Stat getMetaInfo area dimension (metadata only; no values retrieved),yes,yes,false,true,false,false,false,14116,expected_direct_5digit_join,no,no,standard 5-digit JIS municipality code
AC_0218,R02_OFF_TGT_001,Population Census of Japan (Kokusei Chosa) 2020 Basic Complete Tabulation,00200521,000001136464,0003445244,2020,2020000000,Kanagawa,14,14117,横浜市青葉区,designated_city_ward,e-Stat getMetaInfo area dimension (metadata only; no values retrieved),yes,yes,false,true,false,false,false,14117,expected_direct_5digit_join,no,no,standard 5-digit JIS municipality code
AC_0219,R02_OFF_TGT_001,Population Census of Japan (Kokusei Chosa) 2020 Basic Complete Tabulation,00200521,000001136464,0003445244,2020,2020000000,Kanagawa,14,14118,横浜市都筑区,designated_city_ward,e-Stat getMetaInfo area dimension (metadata only; no values retrieved),yes,yes,false,true,false,false,false,14118,expected_direct_5digit_join,no,no,standard 5-digit JIS municipality code
AC_0220,R02_OFF_TGT_001,Population Census of Japan (Kokusei Chosa) 2020 Basic Complete Tabulation,00200521,000001136464,0003445244,2020,2020000000,Kanagawa,14,14130,川崎市,designated_city_parent,e-Stat getMetaInfo area dimension (metadata only; no values retrieved),yes,no,false,false,false,false,false,14130,not_applicable,no,no,designated-city parent aggregate; excluded to avoid double count; use its wards
AC_0221,R02_OFF_TGT_001,Population Census of Japan (Kokusei Chosa) 2020 Basic Complete Tabulation,00200521,000001136464,0003445244,2020,2020000000,Kanagawa,14,14131,川崎市川崎区,designated_city_ward,e-Stat getMetaInfo area dimension (metadata only; no values retrieved),yes,yes,false,true,false,false,false,14131,expected_direct_5digit_join,no,no,standard 5-digit JIS municipality code
AC_0222,R02_OFF_TGT_001,Population Census of Japan (Kokusei Chosa) 2020 Basic Complete Tabulation,00200521,000001136464,0003445244,2020,2020000000,Kanagawa,14,14132,川崎市幸区,designated_city_ward,e-Stat getMetaInfo area dimension (metadata only; no values retrieved),yes,yes,false,true,false,false,false,14132,expected_direct_5digit_join,no,no,standard 5-digit JIS municipality code
AC_0223,R02_OFF_TGT_001,Population Census of Japan (Kokusei Chosa) 2020 Basic Complete Tabulation,00200521,000001136464,0003445244,2020,2020000000,Kanagawa,14,14133,川崎市中原区,designated_city_ward,e-Stat getMetaInfo area dimension (metadata only; no values retrieved),yes,yes,false,true,false,false,false,14133,expected_direct_5digit_join,no,no,standard 5-digit JIS municipality code
AC_0224,R02_OFF_TGT_001,Population Census of Japan (Kokusei Chosa) 2020 Basic Complete Tabulation,00200521,000001136464,0003445244,2020,2020000000,Kanagawa,14,14134,川崎市高津区,designated_city_ward,e-Stat getMetaInfo area dimension (metadata only; no values retrieved),yes,yes,false,true,false,false,false,14134,expected_direct_5digit_join,no,no,standard 5-digit JIS municipality code
AC_0225,R02_OFF_TGT_001,Population Census of Japan (Kokusei Chosa) 2020 Basic Complete Tabulation,00200521,000001136464,0003445244,2020,2020000000,Kanagawa,14,14135,川崎市多摩区,designated_city_ward,e-Stat getMetaInfo area dimension (metadata only; no values retrieved),yes,yes,false,true,false,false,false,14135,expected_direct_5digit_join,no,no,standard 5-digit JIS municipality code
AC_0226,R02_OFF_TGT_001,Population Census of Japan (Kokusei Chosa) 2020 Basic Complete Tabulation,00200521,000001136464,0003445244,2020,2020000000,Kanagawa,14,14136,川崎市宮前区,designated_city_ward,e-Stat getMetaInfo area dimension (metadata only; no values retrieved),yes,yes,false,true,false,false,false,14136,expected_direct_5digit_join,no,no,standard 5-digit JIS municipality code
AC_0227,R02_OFF_TGT_001,Population Census of Japan (Kokusei Chosa) 2020 Basic Complete Tabulation,00200521,000001136464,0003445244,2020,2020000000,Kanagawa,14,14137,川崎市麻生区,designated_city_ward,e-Stat getMetaInfo area dimension (metadata only; no values retrieved),yes,yes,false,true,false,false,false,14137,expected_direct_5digit_join,no,no,standard 5-digit JIS municipality code
AC_0228,R02_OFF_TGT_001,Population Census of Japan (Kokusei Chosa) 2020 Basic Complete Tabulation,00200521,000001136464,0003445244,2020,2020000000,Kanagawa,14,14150,相模原市,designated_city_parent,e-Stat getMetaInfo area dimension (metadata only; no values retrieved),yes,no,false,false,false,false,false,14150,not_applicable,no,no,designated-city parent aggregate; excluded to avoid double count; use its wards
AC_0229,R02_OFF_TGT_001,Population Census of Japan (Kokusei Chosa) 2020 Basic Complete Tabulation,00200521,000001136464,0003445244,2020,2020000000,Kanagawa,14,14151,相模原市緑区,designated_city_ward,e-Stat getMetaInfo area dimension (metadata only; no values retrieved),yes,yes,false,true,false,false,false,14151,expected_direct_5digit_join,no,no,standard 5-digit JIS municipality code
AC_0230,R02_OFF_TGT_001,Population Census of Japan (Kokusei Chosa) 2020 Basic Complete Tabulation,00200521,000001136464,0003445244,2020,2020000000,Kanagawa,14,14152,相模原市中央区,designated_city_ward,e-Stat getMetaInfo area dimension (metadata only; no values retrieved),yes,yes,false,true,false,false,false,14152,expected_direct_5digit_join,no,no,standard 5-digit JIS municipality code
AC_0231,R02_OFF_TGT_001,Population Census of Japan (Kokusei Chosa) 2020 Basic Complete Tabulation,00200521,000001136464,0003445244,2020,2020000000,Kanagawa,14,14153,相模原市南区,designated_city_ward,e-Stat getMetaInfo area dimension (metadata only; no values retrieved),yes,yes,false,true,false,false,false,14153,expected_direct_5digit_join,no,no,standard 5-digit JIS municipality code
AC_0232,R02_OFF_TGT_001,Population Census of Japan (Kokusei Chosa) 2020 Basic Complete Tabulation,00200521,000001136464,0003445244,2020,2020000000,Kanagawa,14,14201,横須賀市,city,e-Stat getMetaInfo area dimension (metadata only; no values retrieved),yes,yes,false,false,true,false,false,14201,expected_direct_5digit_join,no,no,standard 5-digit JIS municipality code
AC_0233,R02_OFF_TGT_001,Population Census of Japan (Kokusei Chosa) 2020 Basic Complete Tabulation,00200521,000001136464,0003445244,2020,2020000000,Kanagawa,14,14203,平塚市,city,e-Stat getMetaInfo area dimension (metadata only; no values retrieved),yes,yes,false,false,true,false,false,14203,expected_direct_5digit_join,no,no,standard 5-digit JIS municipality code
AC_0234,R02_OFF_TGT_001,Population Census of Japan (Kokusei Chosa) 2020 Basic Complete Tabulation,00200521,000001136464,0003445244,2020,2020000000,Kanagawa,14,14204,鎌倉市,city,e-Stat getMetaInfo area dimension (metadata only; no values retrieved),yes,yes,false,false,true,false,false,14204,expected_direct_5digit_join,no,no,standard 5-digit JIS municipality code
AC_0235,R02_OFF_TGT_001,Population Census of Japan (Kokusei Chosa) 2020 Basic Complete Tabulation,00200521,000001136464,0003445244,2020,2020000000,Kanagawa,14,14205,藤沢市,city,e-Stat getMetaInfo area dimension (metadata only; no values retrieved),yes,yes,false,false,true,false,false,14205,expected_direct_5digit_join,no,no,standard 5-digit JIS municipality code
AC_0236,R02_OFF_TGT_001,Population Census of Japan (Kokusei Chosa) 2020 Basic Complete Tabulation,00200521,000001136464,0003445244,2020,2020000000,Kanagawa,14,14206,小田原市,city,e-Stat getMetaInfo area dimension (metadata only; no values retrieved),yes,yes,false,false,true,false,false,14206,expected_direct_5digit_join,no,no,standard 5-digit JIS municipality code
AC_0237,R02_OFF_TGT_001,Population Census of Japan (Kokusei Chosa) 2020 Basic Complete Tabulation,00200521,000001136464,0003445244,2020,2020000000,Kanagawa,14,14207,茅ヶ崎市,city,e-Stat getMetaInfo area dimension (metadata only; no values retrieved),yes,yes,false,false,true,false,false,14207,expected_direct_5digit_join,no,no,standard 5-digit JIS municipality code
AC_0238,R02_OFF_TGT_001,Population Census of Japan (Kokusei Chosa) 2020 Basic Complete Tabulation,00200521,000001136464,0003445244,2020,2020000000,Kanagawa,14,14208,逗子市,city,e-Stat getMetaInfo area dimension (metadata only; no values retrieved),yes,yes,false,false,true,false,false,14208,expected_direct_5digit_join,no,no,standard 5-digit JIS municipality code
AC_0239,R02_OFF_TGT_001,Population Census of Japan (Kokusei Chosa) 2020 Basic Complete Tabulation,00200521,000001136464,0003445244,2020,2020000000,Kanagawa,14,14210,三浦市,city,e-Stat getMetaInfo area dimension (metadata only; no values retrieved),yes,yes,false,false,true,false,false,14210,expected_direct_5digit_join,no,no,standard 5-digit JIS municipality code
AC_0240,R02_OFF_TGT_001,Population Census of Japan (Kokusei Chosa) 2020 Basic Complete Tabulation,00200521,000001136464,0003445244,2020,2020000000,Kanagawa,14,14211,秦野市,city,e-Stat getMetaInfo area dimension (metadata only; no values retrieved),yes,yes,false,false,true,false,false,14211,expected_direct_5digit_join,no,no,standard 5-digit JIS municipality code
AC_0241,R02_OFF_TGT_001,Population Census of Japan (Kokusei Chosa) 2020 Basic Complete Tabulation,00200521,000001136464,0003445244,2020,2020000000,Kanagawa,14,14212,厚木市,city,e-Stat getMetaInfo area dimension (metadata only; no values retrieved),yes,yes,false,false,true,false,false,14212,expected_direct_5digit_join,no,no,standard 5-digit JIS municipality code
AC_0242,R02_OFF_TGT_001,Population Census of Japan (Kokusei Chosa) 2020 Basic Complete Tabulation,00200521,000001136464,0003445244,2020,2020000000,Kanagawa,14,14213,大和市,city,e-Stat getMetaInfo area dimension (metadata only; no values retrieved),yes,yes,false,false,true,false,false,14213,expected_direct_5digit_join,no,no,standard 5-digit JIS municipality code
AC_0243,R02_OFF_TGT_001,Population Census of Japan (Kokusei Chosa) 2020 Basic Complete Tabulation,00200521,000001136464,0003445244,2020,2020000000,Kanagawa,14,14214,伊勢原市,city,e-Stat getMetaInfo area dimension (metadata only; no values retrieved),yes,yes,false,false,true,false,false,14214,expected_direct_5digit_join,no,no,standard 5-digit JIS municipality code
AC_0244,R02_OFF_TGT_001,Population Census of Japan (Kokusei Chosa) 2020 Basic Complete Tabulation,00200521,000001136464,0003445244,2020,2020000000,Kanagawa,14,14215,海老名市,city,e-Stat getMetaInfo area dimension (metadata only; no values retrieved),yes,yes,false,false,true,false,false,14215,expected_direct_5digit_join,no,no,standard 5-digit JIS municipality code
AC_0245,R02_OFF_TGT_001,Population Census of Japan (Kokusei Chosa) 2020 Basic Complete Tabulation,00200521,000001136464,0003445244,2020,2020000000,Kanagawa,14,14216,座間市,city,e-Stat getMetaInfo area dimension (metadata only; no values retrieved),yes,yes,false,false,true,false,false,14216,expected_direct_5digit_join,no,no,standard 5-digit JIS municipality code
AC_0246,R02_OFF_TGT_001,Population Census of Japan (Kokusei Chosa) 2020 Basic Complete Tabulation,00200521,000001136464,0003445244,2020,2020000000,Kanagawa,14,14217,南足柄市,city,e-Stat getMetaInfo area dimension (metadata only; no values retrieved),yes,yes,false,false,true,false,false,14217,expected_direct_5digit_join,no,no,standard 5-digit JIS municipality code
AC_0247,R02_OFF_TGT_001,Population Census of Japan (Kokusei Chosa) 2020 Basic Complete Tabulation,00200521,000001136464,0003445244,2020,2020000000,Kanagawa,14,14218,綾瀬市,city,e-Stat getMetaInfo area dimension (metadata only; no values retrieved),yes,yes,false,false,true,false,false,14218,expected_direct_5digit_join,no,no,standard 5-digit JIS municipality code
AC_0248,R02_OFF_TGT_001,Population Census of Japan (Kokusei Chosa) 2020 Basic Complete Tabulation,00200521,000001136464,0003445244,2020,2020000000,Kanagawa,14,14301,葉山町,town,e-Stat getMetaInfo area dimension (metadata only; no values retrieved),yes,yes,false,false,false,true,false,14301,expected_direct_5digit_join,no,no,standard 5-digit JIS municipality code
AC_0249,R02_OFF_TGT_001,Population Census of Japan (Kokusei Chosa) 2020 Basic Complete Tabulation,00200521,000001136464,0003445244,2020,2020000000,Kanagawa,14,14321,寒川町,town,e-Stat getMetaInfo area dimension (metadata only; no values retrieved),yes,yes,false,false,false,true,false,14321,expected_direct_5digit_join,no,no,standard 5-digit JIS municipality code
AC_0250,R02_OFF_TGT_001,Population Census of Japan (Kokusei Chosa) 2020 Basic Complete Tabulation,00200521,000001136464,0003445244,2020,2020000000,Kanagawa,14,14341,大磯町,town,e-Stat getMetaInfo area dimension (metadata only; no values retrieved),yes,yes,false,false,false,true,false,14341,expected_direct_5digit_join,no,no,standard 5-digit JIS municipality code
AC_0251,R02_OFF_TGT_001,Population Census of Japan (Kokusei Chosa) 2020 Basic Complete Tabulation,00200521,000001136464,0003445244,2020,2020000000,Kanagawa,14,14342,二宮町,town,e-Stat getMetaInfo area dimension (metadata only; no values retrieved),yes,yes,false,false,false,true,false,14342,expected_direct_5digit_join,no,no,standard 5-digit JIS municipality code
AC_0252,R02_OFF_TGT_001,Population Census of Japan (Kokusei Chosa) 2020 Basic Complete Tabulation,00200521,000001136464,0003445244,2020,2020000000,Kanagawa,14,14361,中井町,town,e-Stat getMetaInfo area dimension (metadata only; no values retrieved),yes,yes,false,false,false,true,false,14361,expected_direct_5digit_join,no,no,standard 5-digit JIS municipality code
AC_0253,R02_OFF_TGT_001,Population Census of Japan (Kokusei Chosa) 2020 Basic Complete Tabulation,00200521,000001136464,0003445244,2020,2020000000,Kanagawa,14,14362,大井町,town,e-Stat getMetaInfo area dimension (metadata only; no values retrieved),yes,yes,false,false,false,true,false,14362,expected_direct_5digit_join,no,no,standard 5-digit JIS municipality code
AC_0254,R02_OFF_TGT_001,Population Census of Japan (Kokusei Chosa) 2020 Basic Complete Tabulation,00200521,000001136464,0003445244,2020,2020000000,Kanagawa,14,14363,松田町,town,e-Stat getMetaInfo area dimension (metadata only; no values retrieved),yes,yes,false,false,false,true,false,14363,expected_direct_5digit_join,no,no,standard 5-digit JIS municipality code
AC_0255,R02_OFF_TGT_001,Population Census of Japan (Kokusei Chosa) 2020 Basic Complete Tabulation,00200521,000001136464,0003445244,2020,2020000000,Kanagawa,14,14364,山北町,town,e-Stat getMetaInfo area dimension (metadata only; no values retrieved),yes,yes,false,false,false,true,false,14364,expected_direct_5digit_join,no,no,standard 5-digit JIS municipality code
AC_0256,R02_OFF_TGT_001,Population Census of Japan (Kokusei Chosa) 2020 Basic Complete Tabulation,00200521,000001136464,0003445244,2020,2020000000,Kanagawa,14,14366,開成町,town,e-Stat getMetaInfo area dimension (metadata only; no values retrieved),yes,yes,false,false,false,true,false,14366,expected_direct_5digit_join,no,no,standard 5-digit JIS municipality code
AC_0257,R02_OFF_TGT_001,Population Census of Japan (Kokusei Chosa) 2020 Basic Complete Tabulation,00200521,000001136464,0003445244,2020,2020000000,Kanagawa,14,14382,箱根町,town,e-Stat getMetaInfo area dimension (metadata only; no values retrieved),yes,yes,false,false,false,true,false,14382,expected_direct_5digit_join,no,no,standard 5-digit JIS municipality code
AC_0258,R02_OFF_TGT_001,Population Census of Japan (Kokusei Chosa) 2020 Basic Complete Tabulation,00200521,000001136464,0003445244,2020,2020000000,Kanagawa,14,14383,真鶴町,town,e-Stat getMetaInfo area dimension (metadata only; no values retrieved),yes,yes,false,false,false,true,false,14383,expected_direct_5digit_join,no,no,standard 5-digit JIS municipality code
AC_0259,R02_OFF_TGT_001,Population Census of Japan (Kokusei Chosa) 2020 Basic Complete Tabulation,00200521,000001136464,0003445244,2020,2020000000,Kanagawa,14,14384,湯河原町,town,e-Stat getMetaInfo area dimension (metadata only; no values retrieved),yes,yes,false,false,false,true,false,14384,expected_direct_5digit_join,no,no,standard 5-digit JIS municipality code
AC_0260,R02_OFF_TGT_001,Population Census of Japan (Kokusei Chosa) 2020 Basic Complete Tabulation,00200521,000001136464,0003445244,2020,2020000000,Kanagawa,14,14401,愛川町,town,e-Stat getMetaInfo area dimension (metadata only; no values retrieved),yes,yes,false,false,false,true,false,14401,expected_direct_5digit_join,no,no,standard 5-digit JIS municipality code
AC_0261,R02_OFF_TGT_001,Population Census of Japan (Kokusei Chosa) 2020 Basic Complete Tabulation,00200521,000001136464,0003445244,2020,2020000000,Kanagawa,14,14402,清川村,village,e-Stat getMetaInfo area dimension (metadata only; no values retrieved),yes,yes,false,false,false,false,true,14402,expected_direct_5digit_join,no,no,standard 5-digit JIS municipality code
