confirmation_id,source_id,source_name,institution,statistics_code,survey_or_dataset_name,provider_statistic_id_or_tstat,candidate_table_family,candidate_table_title,candidate_statsDataId,official_table_search_url,official_metadata_or_catalogue_url,official_api_metadata_url,confirmation_route,confirmation_status,geographic_level,municipality_level_available,small_area_available,prefecture_level_available,nationality_dimension_available,china_category_available,china_category_code,total_foreign_available,total_foreign_category_code,time_period_available,candidate_time_or_reference_year,target_prefectures_covered,target_municipality_coverage_possible,area_code_logic,join_key_to_N03_possible,population_variable_supported,non_chinese_foreign_construct_possible,suitable_for_main_spatial_analysis,suitable_for_prefecture_crosscheck,blocking_issue,risk_level,recommended_next_action,notes
CB2_001,R02_OFF_TGT_002,Statistics on Foreign Residents (Zairyu Gaikokujin Tokei),Immigration Services Agency / Ministry of Justice (via e-Stat),00250012,Zairyu Gaikokujin Tokei / Statistics on Foreign Residents,000001018034,nationality/region x residence-status x prefecture (local obs family 24-12-t2),kokuseki/chiiki-betsu todofuken-betsu zairyu gaikokujin (nationality by prefecture),pending (titles/ids not exposed on JS search pages; appId unset),https://www.e-stat.go.jp/stat-search/database?toukei=00250012&tstat=000001018034,https://www.moj.go.jp/isa/policies/statistics/toukei_ichiran_touroku.html,https://api.e-stat.go.jp/rest/3.0/app/json/getStatsList,official_estat_table_search,table_family_confirmed_statsDataId_pending,prefecture,no,no,yes,yes,yes,01_023 (ISA; verify via getMetaInfo),yes,sosu (total),biannual (end Jun / end Dec),2025-06 latest,"Tokyo(13), Saitama(11), Chiba(12), Kanagawa(14)",no_for_nationality,JIS X 0401 prefecture codes,prefecture-level only (not municipality),both_chinese_and_total_foreign,yes,no,yes,nationality available only at prefecture; too coarse (4 units) for main spatial model,medium,use_ISA_for_prefecture_crosscheck_only,tstat 000001018034 and statistics code 00250012 reconfirmed; 20 DB tables (11 half-yearly + 9 annual).
CB2_002,R02_OFF_TGT_002,ISA municipality x nationality decision,Immigration Services Agency / Ministry of Justice,00250012,Zairyu Gaikokujin Tokei,000001018034,(sought) shikuchoson-betsu kokuseki-betsu (municipality x nationality),(none identified),none found,https://www.e-stat.go.jp/stat-search/database?toukei=00250012&tstat=000001018034,https://www.moj.go.jp/isa/policies/statistics/toukei_ichiran_touroku.html,https://api.e-stat.go.jp/rest/3.0/app/json/getStatsList,mixed_official_metadata,municipality_nationality_not_found,prefecture,no,no,yes,prefecture-level only,prefecture-level only,01_023 (prefecture),yes (prefecture),sosu,biannual,n/a,"Tokyo(13), Saitama(11), Chiba(12), Kanagawa(14)",no,n/a (no municipality x nationality table),no (no municipality nationality data to join),not_supported,no,no,yes,ISA classification consistently nationality x residence-status x prefecture across batch1/batch2; no municipality x nationality table; exhaustive title enumeration still pending appId/manual browser,medium,use_ISA_for_prefecture_crosscheck_only,Conservative decision based on consistent official classification metadata; not a keyed exhaustive enumeration.
CB2_003,R02_OFF_TGT_002,ISA municipality total-foreign table,Immigration Services Agency / Ministry of Justice,00250012,Zairyu Gaikokujin Tokei,000001018034,shikuchoson-betsu (municipality) total foreign residents (no nationality split),todofuken-betsu shikuchoson-betsu zairyu gaikokujin (total),pending,https://www.e-stat.go.jp/stat-search/database?toukei=00250012&tstat=000001018034,https://www.moj.go.jp/isa/policies/statistics/toukei_ichiran_touroku.html,https://api.e-stat.go.jp/rest/3.0/app/json/getMetaInfo,official_estat_table_search,table_family_confirmed_statsDataId_pending,municipality,yes,no,yes,no,no,n/a,yes,sosu (municipality total),biannual,2025-06 latest,"Tokyo(13), Saitama(11), Chiba(12), Kanagawa(14)",yes (total only),JIS X 0402 municipality codes,yes (municipality JIS codes -> N03),total_only_no_nationality,no,no,partial,municipality total foreign exists but cannot isolate Chinese; useful only as a municipality total denominator cross-check,low,use_ISA_for_prefecture_crosscheck_only,Can validate Census municipality total-foreign figures; not a nationality source.
CB2_004,R02_OFF_TGT_002,ISA exact statsDataId capture status,Immigration Services Agency / Ministry of Justice (via e-Stat WebAPI),00250012,Zairyu Gaikokujin Tokei,000001018034,all 20 DB tables under tstat 000001018034,varies (not enumerable without appId/manual drill),pending,https://www.e-stat.go.jp/stat-search/database?toukei=00250012&tstat=000001018034,https://www.e-stat.go.jp/stat-search/database?toukei=00250012&tstat=000001018034,https://api.e-stat.go.jp/rest/3.0/app/json/getStatsList,official_estat_api_metadata,official_page_confirmed_API_pending,prefecture,no,no,yes,yes,yes,01_023,yes,sosu,biannual + annual,DB updated 2025-12-12,"Tokyo(13), Saitama(11), Chiba(12), Kanagawa(14)",no,prefecture,prefecture-level only,both_chinese_and_total_foreign,yes,no,yes,ESTAT_APP_ID not set; getStatsList not run; statsDataId/title enumeration deferred to a keyed or manual-browser step,medium,manual_browser_check,appId via env ESTAT_APP_ID only; never printed/written/committed. Exact statsDataId only needed for the prefecture cross-check.
CB2_005,R02_OFF_TGT_001,Population Census of Japan (Kokusei Chosa),Statistics Bureau of Japan / MIC (via e-Stat),00200521,Kokusei Chosa / Population Census (jinko-to kihon shukei incl. nationality),multiple tstat (e.g. 2020 Basic Complete Tabulation); to capture exactly,jinko-to kihon shukei: kokuseki-betsu jinko (population by nationality),kokuseki-betsu jinko (population by nationality) at municipality level,pending (statsDataId not surfaced on search page),https://www.e-stat.go.jp/stat-search/files?toukei=00200521,https://www.e-stat.go.jp/stat-search/database?toukei=00200521,https://api.e-stat.go.jp/rest/3.0/app/json/getStatsList,official_census_estat_page,census_candidate_confirmed,prefecture_and_municipality,yes,partial (shochiiki category exists; nationality-by-country there not evident),yes,yes,needs_field_check (China is a standard Census nationality category; municipality-level not yet confirmed on search page),Census nationality classification (China discrete); code pending field check,yes (gaikoku / foreign total),gaikoku (foreign) total; code pending,decennial/quinquennial census,2020 (Reiwa 2) latest complete; 2025 future (release from 2026-05),"Tokyo(13), Saitama(11), Chiba(12), Kanagawa(14)",yes,JIS X 0402 municipality codes (incl. Tokyo 23 special wards),yes (municipality JIS codes -> N03 gyosei kuiki code),both_chinese_and_total_foreign,partial_pending_field_check,partial,yes,confirm China is a discrete category at municipality level and capture exact statsDataId / vintage (2020),medium,evaluate_census_00200521,"Official search confirmed: 2020 latest, nationality/foreign tables exist, municipality tabulation (6,740 files). Likely main municipality-level source."
CB2_006,R02_OFF_TGT_001,Census municipality x China nationality,Statistics Bureau of Japan / MIC,00200521,Kokusei Chosa jinko-to kihon shukei,2020 Basic Complete Tabulation tstat (to capture),kokuseki-betsu jinko (population by nationality) x municipality,population by nationality (incl. China) by municipality,pending,https://www.e-stat.go.jp/stat-search/files?toukei=00200521,https://www.e-stat.go.jp/stat-search/database?toukei=00200521,https://api.e-stat.go.jp/rest/3.0/app/json/getMetaInfo,official_census_estat_page,census_candidate_needs_field_check,municipality,yes,no,yes,yes,needs_field_check,Census China category (pending exact code),yes (foreign total),gaikoku total (pending code),2020 census,2020 (Reiwa 2),"Tokyo(13), Saitama(11), Chiba(12), Kanagawa(14)",yes,JIS X 0402 municipality codes,yes,both_chinese_and_total_foreign,partial_pending_field_check,partial,yes,confirm China discrete category at municipality and exact statsDataId before any test,medium,evaluate_census_00200521,Census jinko-to kihon shukei nationality table standardly includes China; municipality-level China to confirm by field check (batch 3).
CB2_007,R02_OFF_TGT_001,Census small-area nationality feasibility,Statistics Bureau of Japan / MIC,00200521,Kokusei Chosa shochiiki shukei,small-area tabulation tstat (to capture),shochiiki (small-area / chocho-aza) tabulation,small-area population (nationality detail uncertain),pending,https://www.e-stat.go.jp/stat-search/files?toukei=00200521,https://www.e-stat.go.jp/stat-search/database?toukei=00200521,https://api.e-stat.go.jp/rest/3.0/app/json/getMetaInfo,official_census_estat_page,census_candidate_needs_field_check,small_area,yes,partial,yes,uncertain at small-area,unlikely_at_small_area (needs_field_check),pending,possibly foreign-total at small-area only,pending,2020 census,2020 (Reiwa 2),"Tokyo(13), Saitama(11), Chiba(12), Kanagawa(14)",yes (municipality); small-area partial,small-area codes (chocho-aza) - different boundary set than N03,"no (small-area needs the Census small-area boundary, not N03)",parameter_unclear,unclear_hold,unclear_hold,no,small-area nationality to specific country (China) generally not published; small-area needs its own boundary layer,high,manual_browser_check,"If small-area China is unavailable, municipality is the finest feasible unit for the Chinese-resident measure."
CB2_008,R02_OFF_TGT_001,Area-code and join-key implications,Statistics Bureau of Japan / MIC (e-Stat),00200521,Census/e-Stat area codes vs NLNI N03,n/a,area-code logic for the main population source,municipality code join plan,n/a,https://www.e-stat.go.jp/stat-search/files?toukei=00200521,https://www.e-stat.go.jp/stat-search/database?toukei=00200521,https://api.e-stat.go.jp/rest/3.0/app/json/getMetaInfo,mixed_official_metadata,official_page_confirmed_API_pending,municipality,yes,partial,yes,n/a,n/a,n/a,n/a,n/a,n/a,align with N03 vintage,"Tokyo(13), Saitama(11), Chiba(12), Kanagawa(14)",yes,prefecture JIS X 0401 (11/12/13/14); municipality JIS X 0402 5-digit; Tokyo 23 special wards have individual 131xx codes; designated-city wards have codes,yes at municipality (5-digit JIS == N03 gyosei kuiki code); small-area would need Census small-area boundary,parameter_unclear,partial_pending_field_check,partial,yes,confirm designated-city ward vs whole-city aggregation choice; normalize special wards consistently,low,inspect_area_codes_next,Census municipality codes are directly joinable to NLNI N03; decide ward vs city aggregation in the download-design step.
CB2_009,R02_OFF_TGT_001,Final population-source recommendation,Statistics Bureau of Japan / MIC; Immigration Services Agency,00200521 (main) + 00250012 (cross-check),Census 00200521 main municipality source; ISA 00250012 prefecture cross-check,Census tstat (to capture) + ISA 000001018034,Census municipality nationality (main) + ISA prefecture nationality (cross-check),decision row,pending (both),https://www.e-stat.go.jp/stat-search/files?toukei=00200521,https://www.e-stat.go.jp/stat-search/database?toukei=00200521,https://api.e-stat.go.jp/rest/3.0/app/json/getStatsList,mixed_official_metadata,census_candidate_confirmed,prefecture_and_municipality,yes (Census),partial,yes,yes,Census needs_field_check; ISA yes (prefecture),Census pending; ISA 01_023,yes (both),Census gaikoku; ISA sosu,Census 2020; ISA biannual,2020 (Census main),"Tokyo(13), Saitama(11), Chiba(12), Kanagawa(14)",yes (Census),JIS municipality codes,yes (municipality),both_chinese_and_total_foreign,partial_pending_field_check,partial,yes,Census exact statsDataId + China-at-municipality confirmation pending (batch 3),medium,evaluate_census_00200521,DECISION: Census 2020 (00200521) = main municipality-level source for Chinese/total/non-Chinese; ISA (00250012) = prefecture-level cross-check only.
